ST	penA	mtrR	porB	ponA	gyrA	parC	23S	NG-STAR_CC
1	22.001	10	13	100	100	2	100	190
2	15.001	14	14	100	100	7	100	1401
3	2.001	1	13	1	5	1	100	334
4	10.001	19	8	1	2	5	100	348
5	7.001	25	8	1	2	11	100	1229
6	2.001	19	8	1	1	1	100	6169
7	2.001	26	13	1	1	12	100	208
8	12.001	1	8	1	100	7	100	311
9	2.001	32	2	100	100	100	100	63
10	5.003	1	12	1	1	3	100	127
11	1.002	5	100	100	100	100	100	845
12	22.001	10	5	1	100	1	100	472
13	15.001	5	14	100	100	2	100	1400
14	12.001	22	8	1	100	1	100	104
15	10.001	19	8	1	5	2	100	15
16	42.001	1	11	1	1	3	100	90
17	100.001	18	14	100	100	1	100	17
18	100.001	18	14	100	3	1	100	17
19	1.001	4	100	100	100	1	100	20
20	1.001	5	100	100	100	1	100	20
21	1.001	7	1	100	100	2	100	Ungroupable
22	10.001	1	8	1	1	3	100	127
23	10.001	19	11	1	5	2	100	15
24	27.001	25	8	1	9	1	100	6233
25	10.001	33	12	1	2	5	100	348
26	12.001	1	8	1	1	3	100	26
27	12.001	1	8	1	1	3	2	26
28	12.001	1	8	1	2	4	100	26
29	12.001	1	8	3	1	3	100	26
30	12.001	1	8	3	1	3	1	26
31	12.001	1	8	4	1	14	100	26
32	12.001	1	8	4	1	3	100	26
33	12.001	34	8	1	1	3	100	26
34	12.001	35	8	3	100	7	100	311
35	12.002	1	8	1	1	3	2	127
36	12.003	1	8	1	1	3	1	127
37	13.001	1	8	1	1	3	100	127
38	13.001	19	8	1	1	9	100	38
39	13.001	19	8	1	1	9	2	38
40	3.001	22	8	1	2	3	2	Ungroupable
41	13.001	36	8	1	3	7	100	Ungroupable
42	14.001	10	3	100	100	1	100	42
43	14.001	10	3	100	100	1	6	42
44	14.002	28	1	100	100	7	100	178
45	15.001	18	1	100	100	2	100	893
46	15.001	9	1	100	100	7	100	307
47	15.002	25	1	1	100	2	100	3043
48	15.002	25	1	1	100	2	2	142
49	15.002	25	1	1	8	2	100	142
50	17.001	37	8	1	1	10	100	1109
51	18.001	19	8	1	7	3	100	199
52	19.001	25	6	100	100	2	100	370
53	19.001	38	1	1	7	15	100	309
54	2.001	23	1	100	100	100	100	63
55	2.001	24	1	100	100	2	100	63
56	2.001	24	13	100	100	2	100	55
57	2.001	25	3	100	100	100	2	301
58	2.001	27	1	100	100	100	100	63
59	2.001	30	11	100	100	100	100	213
60	2.001	31	1	100	100	100	100	63
61	2.001	5	3	100	100	100	2	301
62	2.001	9	100	100	100	100	2	845
63	2.001	9	1	100	100	100	100	63
64	2.001	9	1	100	100	100	2	63
65	2.001	9	1	100	1	100	100	63
66	2.001	9	1	2	100	100	100	63
67	2.001	9	11	100	100	100	100	63
68	2.001	9	11	100	100	100	2	63
69	2.002	1	12	1	7	6	1	5994
70	2.002	1	13	1	2	13	100	889
71	2.002	19	1	1	7	3	100	73
72	2.002	19	11	1	7	3	100	73
73	2.002	19	8	1	7	3	100	73
74	2.002	25	3	100	100	100	2	2655
75	2.003	9	1	100	1	100	100	63
76	21.001	19	8	1	7	8	100	1118
77	22.004	100	3	100	100	1	2	79
78	22.005	100	3	100	100	1	2	79
79	22.001	100	3	100	100	1	2	79
80	22.001	1	3	100	100	1	2	79
81	22.002	11	100	100	100	2	100	1958
82	22.001	12	100	100	100	7	100	84
83	22.001	13	3	100	100	1	100	239
84	22.001	15	100	100	100	7	100	352
85	22.001	15	3	100	100	1	100	239
86	22.001	19	6	1	100	2	100	1115
87	22.001	6	100	100	6	1	100	239
88	34.001	100	11	1	1	3	100	90
89	34.001	1	1	1	1	3	100	90
90	34.001	1	11	1	1	3	100	90
91	34.001	1	11	1	1	3	2	90
92	34.001	1	11	1	1	3	5	90
93	34.001	1	11	3	1	3	100	90
94	34.001	1	11	5	1	3	100	90
95	34.002	1	1	1	1	3	100	90
96	34.002	1	11	1	1	16	100	90
97	34.002	1	11	1	1	3	100	90
98	34.002	1	11	1	1	3	2	90
99	34.002	1	11	3	1	3	100	90
100	34.003	1	11	1	1	3	100	90
101	34.004	1	11	1	1	3	100	90
102	35.001	1	11	1	1	3	100	90
103	35.002	1	11	1	1	3	100	90
104	4.001	19	8	1	100	1	100	104
105	4.001	25	1	1	5	2	2	6234
106	4.001	25	12	1	5	2	100	6234
107	4.001	25	4	1	5	2	2	6234
108	4.001	20	8	100	100	100	100	883
109	4.001	21	8	1	100	1	100	104
110	40.001	5	100	100	4	1	100	20
111	41.002	1	11	1	1	3	100	90
112	42.001	1	12	1	7	6	1	Ungroupable
113	43.001	1	9	1	7	3	100	199
114	43.002	1	8	1	7	2	100	199
115	44.001	16	10	1	1	10	2	158
116	45.001	8	100	100	6	1	100	3165
117	46.001	19	8	1	100	1	100	104
118	47.001	25	1	100	100	100	2	240
119	48.001	100	3	100	100	1	2	79
120	48.001	13	3	100	100	1	100	3111
121	49.001	16	10	1	1	10	100	158
122	5.001	1	1	1	1	3	100	127
123	5.002	1	1	1	1	3	2	127
124	5.002	1	11	1	1	3	100	90
125	41.001	1	11	1	1	3	2	90
126	5.002	1	3	1	1	3	4	127
127	5.002	1	8	1	1	3	100	127
128	5.002	1	8	1	1	3	2	127
129	5.002	2	8	100	1	3	100	127
130	5.004	1	1	1	1	3	2	151
131	50.001	1	8	1	1	3	100	127
132	51.001	1	11	3	1	3	100	90
133	54.001	19	8	1	1	9	100	38
134	55.001	1	11	1	1	3	100	90
135	56.001	19	8	1	1	9	100	38
136	58.001	1	11	1	1	3	100	90
137	9.001	1	100	1	100	2	100	442
138	9.001	1	7	1	100	2	100	442
139	9.001	1	8	1	100	2	100	442
140	9.001	1	8	1	100	2	3	3035
141	9.001	25	100	1	100	2	100	3035
142	9.001	25	1	1	100	2	100	442
143	9.001	25	10	1	100	2	100	3035
144	9.001	25	3	100	100	2	100	3043
145	12.001	1	8	4	1	3	2	26
146	1.003	5	100	100	100	1	100	20
147	9.001	1	8	1	100	2	2	3035
148	5.002	1	8	1	7	3	2	199
149	5.002	1	12	1	1	3	2	127
150	41.001	1	11	1	1	3	100	90
151	5.002	1	1	1	1	3	100	127
152	52.001	1	11	1	1	3	100	90
153	22.001	11	100	100	100	2	100	190
154	53.001	1	11	1	1	3	100	90
155	57.001	19	8	1	1	9	100	38
156	53.002	1	11	1	1	3	100	90
157	14.001	10	3	100	100	100	100	42
158	44.001	16	10	1	1	10	100	158
159	38.001	10	3	100	100	1	100	42
160	14.002	29	1	100	100	7	6	178
161	14.002	5	1	100	100	7	6	1061
162	14.001	1	100	1	100	2	100	442
163	5.002	1	3	1	1	1	100	127
165	44.001	16	11	1	1	10	100	158
167	44.001	9	13	100	100	100	100	63
168	2.001	39	11	100	7	4	100	168
169	22.001	25	1	100	100	1	100	190
170	34.006	40	3	100	7	4	100	427
171	14.003	28	1	100	100	7	6	1061
172	14.002	28	1	100	100	7	6	1061
173	2.001	41	15	100	100	17	100	Ungroupable
174	14.001	29	4	100	100	7	100	178
175	13.001	19	1	1	1	9	100	38
176	2.002	39	100	100	10	2	100	231
177	12.004	1	8	1	1	3	100	127
178	14.001	29	1	100	100	7	100	178
179	14.001	29	1	100	100	7	2	178
180	18.001	19	4	1	7	3	8	1102
181	2.001	19	100	1	100	2	100	442
182	2.001	25	3	100	100	100	100	301
183	2.001	9	1	100	100	100	9	63
184	2.001	9	1	100	100	2	100	63
185	2.001	9	8	100	100	100	2	63
186	2.002	19	8	100	1	18	100	2209
187	2.004	25	3	100	100	100	2	2655
188	2.005	9	100	100	100	100	100	845
189	2.006	43	14	100	100	100	100	212
190	22.001	25	100	100	100	2	100	190
191	14.001	29	3	100	100	7	100	178
192	2.001	25	3	100	100	100	1	301
193	2.001	39	11	100	100	100	100	168
194	34.001	1	8	1	1	3	100	90
195	34.001	44	1	1	1	3	100	90
196	34.001	9	11	1	1	3	100	90
197	61.001	1	11	1	1	3	100	90
198	9.001	25	16	1	100	2	100	3043
199	5.002	1	8	1	7	3	100	199
200	43.002	16	13	1	7	3	100	345
201	18.001	19	8	1	1	9	100	38
202	2.002	19	8	1	7	3	1	73
203	18.001	1	8	1	7	15	2	428
204	9.001	1	8	1	1	15	100	127
205	15.002	25	1	100	100	2	100	3043
206	100.001	13	100	100	100	1	100	20
207	2.002	11	100	100	100	2	100	1958
208	2.001	1	13	1	1	3	100	127
209	12.001	1	3	1	1	3	100	127
210	2.001	27	1	100	100	100	2	63
211	2.001	39	100	100	100	100	100	63
212	2.001	39	14	100	100	100	100	63
213	2.001	39	1	100	100	100	100	63
214	62.001	3	1	100	100	2	2	307
215	1.001	5	11	100	100	1	100	20
216	2.001	48	100	100	100	19	10	2092
217	14.001	49	3	100	7	20	100	1662
218	5.002	2	8	1	1	3	100	127
219	2.001	46	1	100	100	1	100	63
220	46.001	16	3	1	100	2	100	395
221	21.001	47	8	1	7	21	100	221
222	63.001	1	100	1	100	2	2	137
223	2.001	9	1	100	100	100	1	63
224	2.001	50	1	1	100	1	2	2047
225	5.002	1	8	1	1	3	1	127
226	37.001	1	8	1	2	5	100	348
227	64.001	51	8	1	2	5	100	348
228	14.001	10	10	100	100	1	100	42
229	2.002	10	100	100	1	3	100	1271
230	22.006	15	100	100	100	7	100	352
231	2.002	42	100	100	10	2	100	1958
232	10.001	25	12	1	2	5	100	348
233	60.001	1	8	1	7	3	100	199
234	22.001	5	1	100	100	2	100	190
235	22.001	25	5	1	100	2	100	1115
236	19.001	19	5	100	100	1	100	1645
237	100.001	5	100	100	100	1	100	20
238	22.001	19	14	1	100	2	100	1115
239	22.001	25	100	100	100	1	100	190
240	2.001	25	1	100	100	100	100	63
241	2.001	9	3	100	1	3	100	301
242	2.001	1	11	100	100	100	100	213
243	12.001	19	11	1	100	1	100	Ungroupable
244	2.001	2	8	100	100	100	100	63
245	2.001	9	3	1	100	100	100	301
246	2.001	1	1	100	100	100	100	63
247	19.001	38	12	1	7	15	100	309
248	19.001	38	3	1	7	15	100	309
249	19.001	38	1	1	7	3	100	309
250	34.001	1	3	1	1	3	100	90
251	34.001	25	1	100	100	100	100	63
252	21.001	1	12	1	1	3	100	1118
253	2.002	1	1	1	1	3	100	127
254	34.001	1	12	1	1	3	100	90
255	34.001	2	8	1	1	3	100	90
256	34.001	1	14	1	1	3	100	90
257	5.002	50	8	1	1	3	100	127
258	5.002	1	9	1	1	3	100	127
259	13.001	19	11	1	100	1	100	452
260	5.002	1	4	1	1	3	100	127
261	22.001	25	1	1	6	1	100	169
262	12.001	1	8	1	100	3	100	127
263	12.001	19	8	4	1	3	100	26
264	5.002	1	3	1	1	3	100	127
265	43.002	1	12	1	7	6	100	345
266	22.001	18	4	1	100	1	100	3117
267	5.002	1	100	1	1	3	100	127
268	19.001	38	13	1	7	20	100	309
269	14.001	10	13	100	100	2	100	352
270	14.001	29	8	100	100	7	2	178
271	19.001	47	14	1	7	17	100	433
272	4.001	18	100	1	100	7	100	862
273	2.002	1	100	1	7	2	100	2657
274	2.001	9	3	100	100	100	2	301
275	2.002	19	8	100	1	18	2	2209
276	2.001	19	11	1	5	2	100	15
277	5.002	19	12	1	2	3	100	1148
278	2.002	1	11	1	5	2	100	279
279	2.002	1	8	1	100	2	100	442
280	10.001	19	9	1	5	2	100	15
281	4.001	25	8	1	5	4	100	6234
282	2.002	1	8	1	5	2	100	2657
283	9.001	1	8	1	1	2	100	127
284	9.001	1	12	1	1	10	100	958
285	19.001	10	8	100	1	2	100	1154
286	19.001	10	3	100	1	2	100	7301
287	2.002	19	1	1	100	1	100	104
288	14.001	10	14	100	100	7	100	352
289	14.001	10	13	100	100	7	100	352
290	2.001	5	13	100	100	100	100	63
291	5.002	19	1	1	1	3	100	127
292	14.001	5	100	100	100	7	100	352
293	22.001	9	3	100	100	2	100	301
294	1.001	5	100	100	100	1	8	20
295	100.001	18	14	100	100	1	8	17
296	19.001	25	3	1	100	2	100	395
297	2.001	5	100	100	100	2	100	1400
298	19.001	25	5	100	100	2	100	370
299	22.001	50	3	100	100	1	100	239
300	2.001	15	4	1	100	1	100	2047
301	2.001	9	3	100	100	100	100	301
302	2.001	25	100	100	100	100	100	845
303	34.001	1	100	1	1	3	100	90
304	2.002	1	12	1	7	6	100	1143
305	2.002	38	8	1	7	15	100	309
306	100.001	18	100	100	100	100	100	17
307	15.001	3	1	100	100	2	100	1400
308	2.002	10	14	100	100	2	100	1958
309	19.001	38	100	1	7	15	100	309
310	12.001	1	12	4	1	3	100	26
311	12.001	35	8	1	100	7	100	311
312	2.002	19	8	1	1	9	100	38
313	12.001	16	8	1	5	1	100	334
314	2.001	1	100	100	100	2	100	442
315	12.001	1	8	100	100	1	100	Ungroupable
316	2.002	1	14	100	100	1	100	1458
317	5.002	36	8	1	7	15	100	1816
318	2.001	19	8	1	2	2	100	3564
319	10.001	1	11	1	1	3	100	90
320	7.001	25	8	1	2	5	100	348
321	10.001	19	11	1	2	5	100	348
322	9.001	1	13	1	1	2	100	958
323	4.001	1	8	1	2	10	100	Ungroupable
324	19.001	25	14	1	2	10	100	2467
325	9.001	1	11	1	1	2	100	3035
326	4.001	25	100	1	2	10	100	5148
327	4.001	1	8	1	2	9	2	Ungroupable
328	15.001	19	8	1	100	2	100	139
329	10.001	19	1	1	2	5	100	348
330	10.001	19	8	1	5	5	100	348
331	4.001	22	8	1	100	1	100	104
332	7.001	25	8	1	5	2	100	6234
333	19.001	9	12	1	7	15	100	309
334	2.001	1	8	1	5	1	100	409
335	5.002	1	8	1	1	6	100	127
336	12.001	5	4	1	100	7	100	4128
337	2.002	48	100	100	1	18	100	2209
338	2.001	19	13	1	100	100	100	829
339	2.001	18	100	100	100	2	100	1958
340	14.001	29	1	100	100	2	100	178
341	4.001	1	8	1	100	2	100	3035
342	19.001	10	14	100	100	1	100	1645
343	22.001	5	14	100	100	2	100	190
344	9.001	1	3	1	1	2	100	3035
345	43.002	1	8	1	7	3	100	199
346	18.001	1	12	1	7	3	100	199
347	9.001	1	8	1	7	3	100	199
348	10.001	33	8	1	2	5	100	348
349	22.001	10	14	1	100	1	100	7004
350	14.001	1	13	100	100	2	100	520
351	2.002	18	14	1	100	1	100	2036
352	14.001	10	100	100	100	7	100	352
353	19.001	10	3	100	100	7	100	352
354	19.001	10	8	100	100	7	100	468
355	2.002	18	3	100	100	100	100	893
356	2.001	10	100	100	1	18	100	1271
357	14.001	10	14	100	100	2	100	352
358	2.001	10	3	100	1	18	100	4825
359	2.002	10	14	100	100	100	100	2035
360	2.001	35	3	100	1	18	100	4763
361	4.001	18	14	100	100	1	100	17
362	14.001	18	3	100	100	2	100	520
363	12.001	18	8	1	100	7	100	311
364	22.001	25	4	100	100	2	100	190
365	15.001	5	1	100	100	2	100	1400
366	22.001	19	5	1	100	2	100	1115
367	1.002	25	4	100	100	2	100	190
368	2.002	19	8	1	100	1	100	104
369	100.001	5	3	100	100	2	100	867
370	19.001	25	13	100	100	2	100	3043
371	22.001	5	100	100	6	1	100	20
372	9.001	25	6	1	100	2	100	3043
373	9.001	25	8	1	100	2	100	3035
374	22.001	11	14	100	100	2	100	190
375	9.001	25	9	1	100	2	100	142
376	19.001	25	4	1	3	2	100	3036
377	9.001	1	8	1	1	3	100	127
378	1.001	25	4	100	100	2	100	190
379	5.002	1	7	1	1	3	100	127
380	7.001	25	100	1	5	2	100	6234
381	5.002	2	3	1	1	3	100	127
382	2.001	9	4	100	100	100	100	63
383	22.001	25	1	100	1	1	100	239
384	14.001	10	100	100	100	1	100	352
385	5.002	18	3	1	1	3	100	127
386	5.002	5	1	1	1	3	100	127
387	5.002	15	100	1	1	3	100	127
388	22.001	25	4	100	100	1	100	190
389	5.002	38	1	1	7	15	100	309
390	22.001	25	1	100	100	2	100	190
391	15.001	18	3	100	100	2	100	893
392	9.001	9	1	100	100	100	100	63
393	22.001	5	3	100	100	2	100	190
394	2.001	25	14	100	100	100	100	63
395	9.001	1	3	1	100	2	100	3035
396	5.002	1	3	1	1	3	2	127
397	35.001	1	1	1	1	3	100	90
398	2.001	1	3	100	100	100	2	182
399	22.001	25	1	100	100	1	2	239
400	2.001	1	100	1	100	2	2	442
401	2.002	1	8	1	1	3	100	127
402	19.001	50	100	100	100	2	100	893
403	5.002	2	100	1	1	3	100	127
404	5.002	1	10	1	1	3	100	127
405	22.001	18	14	100	100	2	100	1449
406	100.001	45	100	100	100	1	100	20
407	2.002	1	8	100	100	2	100	1958
408	12.001	1	1	4	1	3	100	26
409	2.001	1	8	1	1	3	100	127
410	14.001	29	100	100	100	7	100	352
411	2.001	1	1	1	1	3	100	127
412	22.001	9	11	100	100	100	100	63
413	2.001	9	5	100	100	100	100	63
414	22.001	25	1	100	100	100	100	63
415	2.001	9	3	1	100	100	2	301
416	2.002	19	3	1	7	3	100	73
417	2.001	39	11	100	100	100	2	213
418	2.002	11	100	100	100	2	2	1958
419	44.001	16	1	1	1	10	100	158
420	2.002	1	8	1	7	2	100	199
421	12.001	1	8	1	1	3	1	127
422	100.001	18	100	100	100	2	100	1958
423	14.001	24	1	100	100	7	100	178
424	22.001	15	100	100	100	7	6	84
425	19.001	25	12	1	7	20	100	3311
426	2.002	40	13	100	7	4	100	426
427	2.002	40	100	100	7	4	100	427
428	18.001	1	8	1	7	3	100	199
429	2.001	9	11	100	7	100	100	63
430	2.002	19	100	1	7	3	100	73
431	14.001	18	14	100	7	18	100	1662
432	14.001	1	1	1	100	2	100	442
433	19.001	47	3	1	7	17	100	433
434	14.001	50	1	100	100	7	100	178
435	14.002	29	10	100	100	7	100	178
436	2.002	40	100	100	7	3	100	436
437	12.001	35	3	1	2	3	100	209
438	2.001	25	8	100	1	4	100	3472
439	2.001	9	1	100	100	1	100	63
440	2.001	50	1	100	100	100	100	63
441	9.001	25	11	100	100	2	100	3043
442	2.001	1	1	1	100	2	100	442
443	12.001	1	12	1	1	3	100	127
444	34.002	1	14	1	1	17	100	97
445	18.001	10	100	1	7	20	100	455
446	2.006	19	5	1	100	2	100	1115
447	2.001	9	8	1	100	100	100	63
448	1.001	15	100	100	100	7	100	352
449	19.001	18	13	1	7	2	100	1632
450	2.001	9	1	1	100	100	100	63
451	2.002	19	3	1	100	2	100	2657
452	13.001	19	11	1	1	9	100	38
453	2.001	9	11	100	100	1	100	63
454	34.001	9	1	100	100	100	100	63
455	19.001	10	100	1	7	15	100	309
456	15.002	3	1	100	100	2	100	307
457	12.004	1	1	1	1	3	100	127
458	18.001	1	100	1	7	3	100	199
459	34.001	3	11	1	1	3	100	90
460	15.001	1	1	1	100	2	100	442
461	2.001	25	1	100	100	2	100	63
462	12.001	1	100	1	1	3	100	127
463	14.001	10	100	100	100	2	100	352
464	2.002	18	100	100	1	18	100	2209
465	2.001	1	100	1	100	2	100	442
466	2.002	10	14	100	100	1	100	42
467	2.001	9	13	100	100	100	100	63
468	14.001	10	3	100	100	7	100	352
469	2.006	10	100	100	100	1	100	352
470	2.002	1	8	1	7	3	100	199
471	4.001	25	1	1	5	2	100	142
472	22.001	10	14	1	100	2	100	7004
473	22.001	25	1	1	100	1	100	239
474	19.001	15	11	1	100	7	100	Ungroupable
475	2.001	15	1	100	100	1	100	63
476	2.001	16	1	1	1	10	100	158
477	5.002	1	12	1	1	3	100	127
478	19.001	47	13	1	7	17	100	433
479	2.002	19	3	100	1	18	100	2209
480	44.001	16	3	1	1	10	100	158
481	2.002	25	3	100	100	100	100	301
482	2.001	25	13	100	100	100	100	63
483	2.001	10	13	1	100	1	100	5208
484	10.001	1	3	1	100	7	100	395
485	10.001	1	8	1	2	5	100	348
486	10.001	25	8	1	7	53	100	497
487	10.001	33	11	1	2	5	100	348
488	10.001	33	4	1	2	5	100	348
489	10.001	47	12	1	7	21	100	2351
490	10.001	47	8	1	7	21	100	221
491	12.001	1	9	1	1	3	100	127
492	12.001	16	8	1	2	5	100	348
493	13.001	1	9	1	7	22	100	2288
494	13.001	16	11	1	7	6	100	2336
495	13.001	19	8	1	7	53	100	497
496	13.001	19	9	1	1	9	100	38
497	13.001	25	8	1	7	53	100	497
498	14.001	22	8	1	100	24	100	Ungroupable
499	18.001	1	11	1	1	22	100	90
500	18.001	16	8	1	1	3	100	127
501	18.001	36	8	1	2	24	100	501
502	19.001	19	8	1	7	21	100	73
503	2.006	25	13	1	2	10	100	2467
504	21.001	1	12	1	7	52	100	1118
505	21.001	1	8	1	1	39	1	5119
506	21.001	1	8	1	7	52	100	199
507	34.001	1	11	1	7	3	100	90
508	43.001	1	10	1	7	3	100	199
509	43.001	1	11	1	1	52	100	2436
510	43.001	1	11	1	7	15	100	3292
511	43.001	1	12	1	7	3	100	199
512	43.001	1	8	1	2	3	100	199
513	43.001	1	8	1	7	15	100	199
514	43.001	1	8	1	7	3	100	199
515	43.002	19	8	1	7	3	1	345
516	44.001	1	10	1	7	10	100	158
517	5.002	1	13	1	7	3	100	199
520	14.001	130	3	100	100	2	100	520
522	14.001	159	1	100	100	7	100	178
524	14.002	29	1	100	100	7	100	178
526	15.001	3	1	100	100	56	100	307
533	2.002	18	3	100	100	2	100	1958
534	2.002	40	1	100	7	3	100	436
539	43.002	122	1	100	7	6	100	1340
543	66.001	25	3	100	100	100	100	301
545	1.001	52	100	100	100	2	100	190
546	22.001	53	3	1	100	2	100	1115
547	2.002	160	14	1	100	1	100	2036
548	15.001	55	100	100	100	1	100	661
549	2.001	56	1	100	100	100	2	63
550	2.001	1	100	6	100	2	100	442
551	1.001	57	100	100	100	2	100	190
552	9.001	58	8	1	100	2	100	3035
553	19.001	161	100	1	7	15	100	309
554	18.001	59	8	1	7	3	100	199
556	12.001	1	8	1	1	23	100	127
557	43.002	1	12	1	7	24	100	345
558	12.001	1	8	1	1	25	100	127
559	2.002	54	100	100	1	22	100	1271
561	9.001	1	12	1	1	22	100	958
562	14.001	161	8	100	100	7	100	178
563	15.001	60	100	100	100	2	100	1958
564	2.001	54	100	100	100	2	100	1958
565	100.001	61	100	100	11	2	100	1074
567	19.001	38	12	1	7	26	100	309
568	15.001	62	100	100	100	2	100	1958
569	2.001	19	26	1	5	2	100	4479
570	2.001	19	8	1	5	28	100	15
571	12.001	1	8	1	12	1	100	26
572	5.002	63	8	1	1	10	100	127
573	2.002	54	13	100	100	17	100	3597
574	1.001	57	1	100	100	2	100	Ungroupable
575	2.001	1	8	100	3	28	100	Ungroupable
576	2.002	19	13	100	1	29	100	2209
577	2.002	54	100	100	1	4	100	719
578	2.002	54	14	100	100	17	100	1958
579	9.001	1	13	1	1	30	100	958
580	2.002	54	19	100	1	4	100	5817
581	2.002	57	11	100	1	31	100	Ungroupable
583	2.006	48	1	100	1	32	10	4450
584	22.001	65	2	100	100	7	100	84
585	12.001	66	8	1	100	7	100	311
586	14.001	67	14	100	100	2	100	463
587	12.001	68	8	1	100	7	100	311
588	100.001	18	14	100	100	1	12	17
590	5.002	69	100	1	1	3	100	127
591	19.001	25	100	1	7	33	100	309
592	2.002	54	13	100	1	18	100	2209
593	22.001	25	100	100	100	35	6	190
595	22.001	54	13	1	100	100	100	755
597	5.002	19	12	1	2	36	100	5974
598	2.001	1	8	1	1	31	100	127
599	2.001	54	14	100	100	1	100	564
601	2.002	19	8	100	14	1	100	2209
602	2.002	70	11	100	5	2	100	Ungroupable
603	2.001	1	23	1	5	1	100	409
604	14.001	69	100	1	100	1	100	4386
605	2.001	5	100	1	3	37	100	Ungroupable
606	2.002	54	14	100	1	22	100	1271
607	22.001	1	8	1	5	38	100	2503
608	1.001	54	14	100	100	7	100	3597
609	5.002	1	8	1	1	39	100	127
611	19.001	71	13	1	7	1	100	1096
614	9.001	1	20	1	1	2	100	139
615	9.001	18	3	1	1	22	100	958
616	2.001	72	3	100	2	40	100	5608
617	19.001	73	10	100	1	2	100	286
618	4.001	1	12	1	2	22	100	Ungroupable
620	19.001	18	13	1	15	20	100	1643
622	19.001	69	13	100	7	20	100	268
623	100.001	18	14	7	100	1	100	17
625	2.002	54	14	100	1	4	100	5817
626	2.002	70	8	100	5	2	100	4936
627	34.001	1	11	1	1	23	100	90
628	14.001	10	13	100	7	41	100	162
629	22.001	75	14	100	100	2	100	1449
630	2.006	76	3	100	100	1	100	42
631	12.001	161	12	1	16	42	100	Ungroupable
632	19.001	25	13	1	7	43	100	1096
633	2.002	77	4	100	1	44	100	Ungroupable
635	9.001	10	27	1	1	22	100	1054
636	2.001	54	13	1	2	7	100	Ungroupable
637	9.001	1	13	1	2	45	100	958
638	9.001	10	100	100	2	46	13	Ungroupable
639	19.001	25	8	1	7	43	100	3311
640	18.001	59	100	1	7	47	100	458
641	13.001	1	8	1	7	22	100	199
642	18.001	79	8	1	2	24	100	501
643	43.001	1	100	1	7	48	100	6751
644	100.001	18	14	100	100	7	14	17
645	2.002	81	100	100	100	2	100	1958
646	2.002	57	14	1	100	1	100	2036
647	2.001	82	13	100	100	2	100	55
648	2.001	57	3	100	100	2	100	520
649	2.002	84	14	100	100	100	100	1888
650	1.001	85	8	100	100	2	100	1636
651	19.001	82	14	100	100	7	100	1401
652	1.001	54	8	100	100	2	100	3597
653	19.001	25	4	1	7	43	100	3311
654	2.001	82	3	100	100	2	100	520
655	2.002	86	3	100	100	2	100	893
656	4.001	57	3	100	100	7	100	468
657	14.001	87	13	1	7	15	100	7013
658	1.001	54	14	100	100	1	100	3597
659	15.001	161	14	100	100	1	100	661
660	100.001	88	100	100	100	100	100	1418
661	15.001	161	100	100	100	1	100	661
662	15.001	89	100	100	100	1	100	661
663	100.001	54	100	100	100	1	100	1645
664	1.002	90	100	100	100	2	100	190
665	1.002	160	14	100	100	1	100	1077
666	22.001	22	30	1	100	1	100	Ungroupable
667	2.001	91	8	100	100	7	100	883
668	14.001	92	100	1	1	22	100	1362
669	22.001	93	3	100	100	2	100	7003
672	2.002	94	4	1	100	1	100	2036
673	22.001	19	6	1	17	2	100	1115
674	21.001	69	11	1	1	3	100	90
676	9.001	58	3	1	100	2	100	3035
677	9.001	58	100	1	100	2	100	3035
678	9.001	58	13	100	100	7	100	678
679	14.001	69	1	100	100	7	100	178
681	22.001	104	100	100	100	7	100	84
682	2.002	54	14	1	1	22	100	559
683	22.001	54	100	100	100	2	100	1958
684	19.001	38	1	1	7	26	100	309
685	45.001	57	3	100	6	1	100	3165
686	22.001	25	35	100	100	1	100	190
687	9.001	105	100	1	100	2	100	3035
688	22.001	104	3	100	100	7	100	84
689	9.001	25	35	1	100	2	100	3035
690	2.002	106	100	100	100	2	100	1958
691	2.001	107	100	100	100	100	100	845
692	19.001	108	1	1	100	7	100	Ungroupable
693	5.002	109	3	1	1	3	100	127
694	9.001	105	14	1	100	7	100	Ungroupable
695	22.001	104	3	100	100	7	2	688
696	5.002	110	8	1	1	3	100	127
697	21.001	1	1	1	1	3	100	127
698	2.001	25	3	100	100	7	16	182
699	9.001	111	8	1	100	2	100	3035
700	12.001	112	8	1	1	3	100	127
701	18.001	36	12	1	2	24	2	501
702	9.001	113	4	1	100	2	100	142
705	9.001	58	1	1	100	2	100	442
706	12.001	1	23	1	1	3	100	127
707	2.002	114	8	100	1	18	100	2209
708	2.002	54	4	100	1	22	100	1271
709	34.001	1	11	1	1	3	17	90
710	10.001	33	37	1	2	5	100	348
713	1.001	129	100	100	100	1	100	20
714	2.002	89	13	100	7	4	100	719
715	19.001	124	100	100	1	20	100	7319
716	2.002	134	100	100	100	2	100	1958
717	2.001	135	1	100	100	100	100	63
718	43.002	54	14	100	1	22	100	559
719	2.002	89	100	100	7	4	100	719
720	34.001	64	11	1	1	3	100	90
721	12.001	74	8	1	2	49	100	Ungroupable
722	1.001	137	100	100	100	1	100	20
723	1.001	138	100	100	100	54	100	20
724	2.002	139	100	100	100	2	100	1958
725	1.001	136	100	100	100	1	100	20
726	14.001	58	1	100	7	20	100	1662
727	44.001	16	10	1	1	45	2	158
728	2.002	141	14	1	1	18	100	1627
729	15.001	142	100	100	100	2	100	1958
730	1.001	143	100	100	100	1	100	20
731	22.001	25	43	100	100	2	100	190
732	19.001	124	3	100	1	20	100	715
733	2.001	145	1	1	100	1	100	2047
734	2.002	69	4	1	7	20	100	1354
735	1.001	54	3	100	100	2	100	564
736	22.001	15	100	100	100	57	100	84
737	15.002	146	14	100	100	2	100	3597
738	15.001	88	100	100	100	2	100	1958
739	5.002	147	8	1	1	3	100	127
740	2.002	54	100	1	1	18	100	1627
741	22.001	148	3	100	100	1	100	239
743	19.001	149	14	1	7	15	100	309
744	5.002	150	100	1	1	3	100	127
745	22.001	73	3	1	100	2	100	1115
746	2.002	19	45	100	1	18	100	2209
747	22.001	151	3	100	100	1	100	239
748	43.002	1	11	1	7	24	100	345
749	1.001	103	100	100	100	1	100	20
750	14.001	152	100	100	100	7	100	352
751	9.001	105	5	100	100	2	100	3043
752	2.002	19	8	100	1	31	100	2209
753	2.001	123	13	1	100	1	100	754
754	2.001	123	14	1	100	1	100	2036
755	2.001	123	13	1	100	100	100	754
758	34.001	1	100	1	1	3	2	90
769	19.001	38	1	1	7	15	9	309
774	22.001	15	3	100	100	7	100	84
776	9.001	10	3	100	1	49	100	1054
777	14.001	29	13	100	100	7	100	178
778	2.002	40	13	100	7	4	16	426
779	2.002	40	13	100	7	55	100	426
780	2.002	19	3	1	7	3	9	73
783	12.005	1	1	1	1	3	100	127
798	2.002	19	13	1	7	3	100	73
801	14.001	49	13	100	7	20	100	1662
803	2.008	1	3	1	100	2	100	3035
806	15.001	25	1	100	100	100	2	240
810	2.001	25	1	100	100	100	2	63
827	2.002	125	14	1	100	7	100	1608
828	2.002	19	9	1	7	3	1	73
829	2.001	123	14	1	100	100	100	754
830	2.001	16	13	100	1	18	100	4707
831	19.001	47	12	1	7	20	100	247
832	63.001	1	100	1	100	2	100	3035
833	2.002	10	14	100	1	26	100	1271
836	2.008	54	14	1	7	20	100	6904
837	2.002	54	19	100	100	2	100	1958
838	22.001	127	3	100	100	7	100	84
839	2.001	123	14	100	100	1	100	439
840	2.001	123	100	1	100	1	100	754
841	22.001	123	100	100	100	1	100	190
842	2.001	123	100	1	20	1	100	754
843	2.001	123	14	1	20	1	100	754
844	2.001	123	100	1	100	100	100	845
845	2.001	9	100	100	100	100	100	845
846	100.001	5	100	100	100	2	100	1400
847	1.001	1	14	1	7	2	100	2883
848	1.001	15	14	100	100	7	100	2028
849	1.001	18	100	1	7	2	100	1632
850	1.001	162	1	100	100	1	100	20
851	1.005	5	100	100	100	1	100	20
852	1.008	5	100	100	100	1	100	20
853	10.001	1	12	1	1	3	100	90
854	10.001	19	8	1	1	3	100	127
855	10.001	25	8	1	1	5	100	348
856	11.001	1	8	1	100	2	100	3035
857	12.001	1	11	1	1	3	100	90
858	12.001	19	8	1	1	3	100	127
859	14.001	5	3	100	100	7	100	352
860	14.001	9	1	100	100	100	100	63
861	14.001	10	100	1	7	7	100	1586
862	14.001	10	100	1	100	7	100	352
863	14.001	10	100	100	100	3	100	352
864	14.001	11	100	100	100	2	100	1958
865	14.001	18	100	100	100	2	100	1958
866	14.001	29	8	100	100	7	100	178
867	15.001	5	100	100	100	2	100	1958
868	19.001	5	4	1	7	33	100	872
869	19.001	10	13	1	7	26	100	1096
870	19.001	15	100	1	7	15	100	309
871	19.001	24	12	1	7	15	100	309
872	19.001	25	4	1	7	33	100	3311
873	19.001	25	16	1	7	43	100	3311
874	19.001	38	11	1	7	55	100	247
875	19.001	38	12	1	7	55	100	309
876	19.001	38	21	1	7	15	100	309
877	19.001	38	100	1	7	55	100	309
878	19.001	64	4	1	7	33	100	872
879	19.001	139	100	1	7	3	100	309
880	19.001	163	12	100	1	2	100	Ungroupable
881	2.001	1	3	100	1	100	2	57
882	2.001	9	1	100	100	100	6	63
883	2.001	9	8	100	100	100	100	63
884	2.001	9	8	100	1	100	100	63
885	2.001	16	19	100	1	18	100	830
886	2.001	164	100	100	1	18	100	4825
887	2.002	10	100	1	100	1	100	2035
888	2.002	10	13	100	7	20	100	426
889	2.002	1	13	1	7	3	100	199
890	2.002	1	13	100	7	4	100	426
891	2.002	18	14	100	1	18	100	2209
892	2.002	18	100	1	1	18	100	896
893	2.002	18	100	100	100	2	100	1958
894	2.002	18	100	1	7	2	100	1632
895	2.002	19	12	1	7	3	100	73
896	2.002	19	100	100	1	18	100	2209
897	2.002	40	12	100	1	4	100	427
898	2.002	40	100	100	1	4	100	427
899	2.002	54	14	100	1	20	100	577
900	2.002	140	3	1	7	3	100	73
901	2.001	16	14	100	1	18	100	830
902	2.001	24	11	100	100	2	100	55
903	2.001	25	8	100	100	100	100	63
904	2.001	25	11	100	100	100	100	63
905	2.001	161	14	100	100	7	100	661
906	2.008	10	4	100	1	55	100	1345
907	2.008	19	13	1	2	10	100	2467
908	2.013	9	1	100	100	100	100	63
909	21.001	1	11	1	7	3	100	199
910	21.001	1	8	1	7	62	100	199
911	22.001	25	8	100	100	1	100	190
912	22.001	50	3	100	22	1	100	3111
913	22.001	150	100	100	100	2	100	190
914	22.001	25	17	100	100	1	100	190
915	22.003	54	14	100	100	2	100	1958
916	22.003	54	11	100	100	2	100	1958
917	22.011	15	100	100	100	7	100	352
918	27.001	1	10	1	1	25	100	404
919	34.001	16	8	1	7	3	100	199
920	34.001	1	8	1	7	3	2	199
921	34.001	1	11	1	7	62	100	90
922	34.001	1	16	1	1	3	100	90
923	34.001	165	11	1	1	3	100	90
924	34.001	69	100	1	1	3	100	90
925	34.001	1	11	1	100	3	100	90
926	34.011	1	11	1	1	3	100	90
927	4.001	1	8	1	1	3	100	127
928	4.001	36	8	1	100	2	100	139
929	43.001	1	4	1	7	15	100	514
930	44.001	16	10	1	7	10	100	158
931	44.001	16	100	1	1	10	100	158
932	44.001	16	12	1	1	10	100	158
933	44.001	16	10	1	1	45	100	158
934	5.002	1	21	1	1	3	100	127
935	5.002	1	1	1	1	23	100	127
936	5.002	1	8	1	1	23	100	127
937	5.002	1	14	1	1	3	100	127
938	5.002	1	16	1	1	3	100	127
939	5.002	2	11	100	1	3	100	129
940	5.002	10	8	1	1	3	100	127
941	5.002	10	12	1	1	3	100	127
942	5.002	10	14	1	1	3	100	127
943	66.001	25	3	100	100	100	16	182
944	68.001	25	16	100	100	27	100	1526
945	68.001	25	4	100	100	27	6	1526
946	68.001	25	4	100	100	27	100	1526
947	68.001	50	3	100	100	7	100	468
951	72.001	1	11	1	1	3	100	90
952	75.001	1	11	1	1	3	100	90
953	77.001	16	10	1	1	10	100	158
954	80.001	9	1	100	100	100	100	63
955	81.001	3	1	100	100	2	100	307
956	84.001	142	100	100	100	2	100	1400
957	88.001	19	14	100	7	3	100	2718
958	9.001	1	13	1	1	22	100	958
959	9.001	25	1	100	100	100	100	63
960	9.001	1	14	1	1	22	100	958
961	9.004	58	3	1	100	2	100	395
962	1.001	171	100	100	100	1	100	20
963	1.001	175	100	100	100	1	100	20
964	1.001	171	100	100	100	1	19	20
965	12.007	9	3	100	100	100	100	301
966	14.001	10	13	100	7	64	100	1662
967	19.001	25	12	1	7	65	100	3311
968	19.001	166	3	1	7	61	100	309
969	19.001	166	11	1	7	61	100	968
970	19.001	167	3	1	7	61	100	968
971	19.002	38	12	1	7	55	100	247
972	2.001	166	100	100	100	100	100	845
973	2.001	170	13	1	100	1	100	2047
974	2.001	170	1	1	100	1	100	2047
975	2.001	172	16	1	1	4	100	Ungroupable
976	2.001	177	8	1	14	2	100	3564
977	2.002	169	100	100	100	100	100	1958
978	2.002	173	14	100	100	2	100	1958
979	2.002	174	8	100	1	4	100	1771
980	2.002	176	100	100	1	4	100	1271
981	2.015	88	100	100	100	63	100	738
982	2.017	1	3	1	100	2	100	3035
983	2.018	9	3	100	100	100	100	301
984	22.012	168	100	100	100	7	100	352
985	34.013	1	11	1	1	3	100	90
986	44.003	16	10	1	1	10	100	158
987	66.001	25	3	100	100	100	18	182
989	89.001	19	8	1	100	1	100	104
990	90.001	25	100	100	100	2	100	190
991	90.001	18	100	100	100	2	100	1958
992	22.001	178	100	100	100	2	100	190
993	10.001	51	37	1	2	41	100	710
994	34.001	1	11	1	1	3	16	90
995	2.001	24	1	100	1	2	100	55
996	60.001	19	8	1	7	3	1	73
997	34.001	118	10	1	1	3	100	90
998	10.001	19	1	1	1	3	100	151
999	34.001	118	11	1	1	3	100	90
1000	2.002	47	14	1	7	22	100	1254
1001	34.001	117	11	1	1	3	100	90
1002	43.002	1	4	1	7	24	100	345
1003	2.002	40	13	100	7	1	100	426
1004	2.019	19	8	100	1	18	100	2209
1005	15.001	5	11	100	100	2	100	1400
1006	2.014	10	13	100	7	20	100	1662
1007	9.001	1	11	1	100	2	100	442
1008	10.002	1	8	1	1	3	100	127
1009	13.001	1	3	1	1	3	100	90
1010	34.001	38	12	1	7	15	100	309
1011	13.001	19	8	1	7	9	100	38
1012	34.001	1	11	1	23	3	100	90
1013	19.003	47	14	1	7	17	100	433
1014	34.014	1	11	1	1	3	100	90
1015	52.002	1	11	1	1	3	100	90
1016	22.001	15	3	100	100	60	100	3111
1017	14.001	10	3	100	10	60	1	Ungroupable
1018	34.001	1	11	1	1	3	1	90
1019	34.001	10	11	100	1	3	100	90
1020	67.001	10	13	100	100	7	17	289
1021	14.001	10	3	100	100	2	100	520
1022	12.001	29	11	100	100	7	100	178
1023	61.001	36	11	1	100	7	100	1024
1024	12.001	36	11	1	100	7	100	1024
1025	5.002	1	13	1	1	3	2	127
1026	2.001	1	1	1	100	2	2	442
1027	2.002	19	8	1	7	3	2	73
1028	15.001	3	1	100	100	2	2	307
1029	14.002	29	1	100	100	7	7	178
1030	2.001	1	11	100	7	3	100	1660
1031	2.001	1	1	100	7	3	100	1660
1032	2.001	179	1	100	100	1	100	63
1033	2.002	123	14	1	100	1	100	2036
1034	2.020	39	11	100	100	100	100	213
1035	14.005	29	8	100	100	7	2	866
1036	14.006	29	8	100	100	7	2	866
1037	92.001	16	10	1	1	10	100	158
1038	93.001	25	3	100	100	100	2	2655
1039	2.001	39	11	100	7	4	2	168
1040	2.001	39	31	100	7	4	100	168
1041	2.007	39	11	100	7	4	100	168
1042	2.001	39	11	100	7	4	19	168
1043	2.001	180	31	100	7	4	100	168
1044	14.001	39	31	100	7	4	100	168
1045	34.013	1	11	1	1	3	2	90
1046	14.002	29	3	100	100	7	6	1061
1047	18.001	25	13	1	1	3	100	2257
1049	2.002	40	100	100	1	3	100	436
1050	5.002	10	1	1	1	3	100	127
1051	2.002	10	100	100	1	59	100	1271
1052	19.001	181	12	1	7	55	100	247
1053	9.001	58	1	1	100	2	14	3035
1054	9.001	10	100	1	1	49	100	1054
1055	18.001	59	100	1	7	3	100	428
1056	18.001	16	3	1	1	3	100	2482
1057	34.001	29	1	100	100	7	6	1061
1058	5.002	38	3	1	1	3	100	127
1059	44.001	58	10	1	1	10	100	158
1060	94.001	42	100	100	10	2	2	231
1061	14.002	15	1	100	100	7	6	1061
1062	14.002	5	3	100	100	7	6	1061
1063	34.013	5	11	1	1	3	100	90
1064	14.001	10	14	100	100	1	6	42
1065	14.001	10	3	100	100	1	9	42
1066	2.001	183	1	100	100	100	100	63
1067	14.002	184	1	100	100	7	6	1061
1068	22.001	15	3	100	100	67	100	3111
1069	2.002	182	100	100	100	2	100	1958
1070	100.008	10	14	100	100	1	100	42
1071	100.002	5	100	100	100	2	100	1400
1072	15.003	161	100	100	100	1	100	661
1073	100.008	18	100	100	100	1	100	1645
1074	100.001	54	100	100	100	2	100	1958
1075	100.001	5	14	100	100	1	100	20
1076	100.004	5	13	100	11	7	100	2586
1077	100.004	160	14	100	100	1	100	1077
1078	100.001	54	14	100	100	2	100	1958
1079	15.001	54	100	100	100	7	100	1958
1080	100.001	54	100	100	100	7	100	1958
1081	100.002	14	100	100	100	7	100	352
1082	1.001	10	100	100	100	2	100	1958
1083	100.001	18	100	100	11	1	100	17
1084	1.002	90	14	100	100	2	100	1120
1085	100.001	5	14	100	100	2	100	343
1086	100.005	54	14	100	100	1	100	Ungroupable
1087	100.004	160	14	100	100	2	100	1077
1088	100.005	161	100	100	100	1	100	661
1089	100.002	88	14	100	100	7	100	288
1090	100.004	18	14	100	100	100	100	1888
1091	100.004	18	100	100	100	100	100	1418
1092	19.001	54	100	100	1	22	100	1271
1093	14.001	10	100	100	14	2	100	352
1094	14.001	14	100	100	100	1	100	352
1095	2.002	54	13	100	1	4	100	426
1096	19.001	38	13	1	7	15	100	309
1097	19.001	38	100	1	7	26	100	309
1098	2.002	18	100	1	5	6	100	4758
1099	12.001	4	3	100	100	1	100	42
1100	13.001	1	100	1	7	21	100	1179
1101	13.001	19	8	1	1	31	100	38
1102	18.001	1	4	1	7	3	100	199
1103	12.007	1	8	1	21	3	100	199
1104	18.001	19	12	1	7	3	100	428
1105	2.001	1	11	1	1	22	100	958
1106	12.007	1	11	1	7	3	100	2431
1107	4.001	1	12	1	7	3	100	1143
1108	2.002	1	11	1	7	100	100	199
1109	17.001	1	8	1	1	3	100	127
1110	18.001	139	8	1	7	1	100	428
1111	18.001	47	8	1	7	21	100	221
1112	21.001	47	4	1	7	21	100	221
1113	15.003	161	14	100	100	1	100	17
1114	100.006	161	14	100	100	1	100	17
1115	22.001	19	100	1	100	2	100	1115
1116	1.002	25	14	100	100	2	100	190
1117	1.002	25	100	100	100	2	100	190
1118	21.001	1	8	1	7	3	100	199
1119	100.002	19	100	1	100	1	100	1115
1120	22.001	25	14	100	100	2	100	190
1121	22.001	22	100	1	100	1	100	190
1122	19.001	14	3	100	100	100	100	2146
1123	2.001	5	14	100	100	100	100	213
1124	34.007	40	100	100	7	4	100	1124
6827	1.001	54	100	100	100	7	100	352
1126	2.001	54	14	100	1	22	100	3574
1127	92.001	16	1	1	1	10	100	158
1128	2.002	10	100	100	100	7	100	352
1129	43.002	54	100	100	1	22	100	1271
1130	17.001	1	100	1	1	3	100	90
1131	43.002	54	14	1	7	20	100	6904
1132	22.001	98	100	1	1	49	100	1054
1133	60.001	1	11	1	7	3	100	1143
1134	34.015	89	100	100	7	4	100	719
1135	101.001	25	8	1	2	4	100	348
1136	2.008	22	13	1	1	24	100	Ungroupable
1137	18.001	47	100	1	7	3	100	428
1138	12.001	22	8	1	16	24	100	2473
1139	2.002	89	1	100	7	4	100	719
1140	12.001	16	24	1	7	6	100	2336
1141	18.001	36	8	1	7	24	100	428
1142	21.001	19	12	1	7	3	100	1118
1143	60.001	1	12	1	7	3	100	1143
1144	21.001	19	4	1	7	3	100	1118
1145	10.001	33	10	1	2	5	100	348
1146	13.001	1	11	1	1	1	100	90
1147	13.001	19	12	1	7	53	100	1179
1148	5.002	1	12	1	7	3	100	199
1149	21.001	19	13	1	7	3	100	1118
1150	21.001	19	12	1	7	8	100	1687
1151	13.001	19	4	1	1	9	100	38
1152	2.001	1	8	1	1	52	100	127
1153	2.002	1	11	1	2	23	100	Ungroupable
1154	19.001	10	3	100	1	20	100	7301
1155	43.001	16	4	1	7	6	100	2336
1156	18.001	1	9	1	7	1	12	7078
1157	21.001	19	8	1	7	3	100	1118
1158	34.006	36	8	1	7	4	100	2337
1159	43.001	33	4	1	2	5	100	348
1160	2.002	16	13	1	7	6	100	2336
1161	18.001	1	21	1	7	3	100	199
1162	13.001	33	9	1	2	5	100	348
1163	21.001	16	13	1	7	8	100	Ungroupable
1164	13.001	25	12	1	7	53	100	497
1165	5.002	1	8	1	7	23	100	199
1166	10.001	33	9	1	2	5	100	348
1167	18.001	19	11	1	7	3	100	428
1168	34.001	40	12	100	1	34	100	2480
1169	2.002	40	11	100	7	3	100	436
1170	10.001	33	13	1	2	5	100	348
1171	18.001	1	11	1	1	52	100	90
1172	21.001	1	4	1	1	39	1	Ungroupable
1173	21.001	19	8	1	7	3	1	1118
1174	43.001	19	8	1	2	15	100	3297
1175	10.001	36	8	1	2	24	100	501
1176	13.001	1	12	1	1	9	100	3336
1177	21.001	19	4	1	7	8	100	1157
1178	18.001	1	13	1	7	3	100	199
1179	13.001	1	8	1	7	3	100	199
1180	13.001	1	4	1	7	22	100	2288
1181	21.001	1	10	1	7	3	100	199
1182	21.001	19	12	1	7	25	100	1687
1183	43.002	1	8	1	15	3	100	199
1184	71.001	33	8	1	2	5	100	348
1185	14.001	1	13	1	7	3	100	199
1186	43.002	14	8	100	1	38	100	Ungroupable
1187	13.001	22	8	1	16	24	100	2473
1188	41.001	33	8	1	2	5	100	348
1189	12.007	25	4	1	7	3	100	2430
1190	12.007	1	12	1	7	3	100	1143
1191	10.001	47	11	1	7	21	100	221
1192	43.001	16	12	1	7	6	100	2336
1193	12.007	1	8	1	7	3	100	199
1194	2.008	25	13	1	2	10	100	2467
1195	18.001	89	8	1	7	24	100	428
1196	17.001	1	12	1	1	3	100	90
1197	2.002	1	9	1	7	3	100	199
1198	21.001	78	12	1	7	52	100	1687
1199	13.001	70	8	1	7	53	100	497
1200	2.002	54	14	100	7	22	100	3111
1202	2.002	89	14	100	7	20	100	719
1203	2.002	89	14	100	7	4	100	719
1204	2.002	89	12	100	7	4	100	719
1205	14.001	76	3	1	1	22	100	4614
1206	9.001	89	12	1	1	22	100	958
1207	2.002	38	13	1	7	18	100	1096
1208	43.002	89	12	1	7	24	100	2753
1209	9.001	89	8	1	1	22	100	561
1210	2.001	10	19	100	1	22	100	1271
1211	19.001	24	10	1	7	15	100	309
1212	2.002	10	14	1	7	20	100	3470
1213	2.008	19	14	1	2	10	100	2098
1214	5.002	15	14	1	1	3	100	127
1215	2.002	18	14	1	1	3	100	1215
1216	13.001	19	12	1	1	9	100	38
1217	5.002	1	46	1	7	3	100	199
1218	9.001	1	12	1	100	2	100	442
1219	10.001	16	10	1	1	10	100	158
1220	43.002	54	100	100	7	6	100	1340
1221	2.002	42	3	100	10	2	100	231
1222	18.001	25	12	1	7	43	100	346
1223	19.001	38	14	1	7	15	100	309
1224	2.002	18	19	100	1	18	100	2209
1225	13.001	19	3	1	1	9	100	38
1226	19.001	54	13	1	1	26	100	2069
1227	19.001	163	13	100	7	20	100	7319
1228	19.001	47	8	1	7	17	100	433
1229	10.001	25	8	1	2	5	100	348
1230	19.001	33	100	1	7	15	100	309
1231	19.001	19	13	1	7	26	100	1096
1232	10.001	33	21	1	2	5	100	348
1233	44.001	191	10	1	1	10	100	158
1234	18.001	192	8	1	1	3	100	127
1235	107.001	1	8	1	1	3	100	127
1236	10.001	33	100	1	2	5	100	348
1237	2.001	54	8	100	1	49	100	3380
1238	19.001	54	13	1	7	20	100	1096
1239	5.002	1	8	100	1	3	23	127
1240	106.001	33	100	1	2	75	100	348
1241	19.001	201	13	1	7	20	100	1096
1242	108.001	38	13	1	7	15	100	309
1243	27.002	1	11	1	1	47	100	319
1244	19.001	5	14	100	100	2	22	343
1245	2.001	203	100	1	100	1	100	384
1246	10.001	33	24	1	2	5	100	348
1247	14.001	194	13	1	7	49	100	1586
1248	16.001	193	100	100	1	68	100	1271
1249	19.001	24	11	1	7	15	100	309
1250	19.001	195	14	1	7	17	100	433
1251	2.001	39	14	100	7	100	100	213
1252	2.001	39	4	100	100	100	100	63
1253	2.002	196	14	1	7	17	100	1254
1254	2.002	19	14	1	7	3	100	73
1255	2.002	10	3	100	1	22	100	1271
1256	2.002	89	13	100	7	20	100	719
1257	2.002	69	14	100	1	18	100	1320
1258	34.001	1	11	1	1	74	100	90
1259	5.002	1	35	1	1	3	100	127
6828	1.001	54	13	100	100	7	100	6827
1262	2.002	10	3	1	1	4	100	1627
1263	10.003	16	12	1	1	10	100	158
1264	109.001	1	8	1	7	3	100	199
1265	100.006	86	100	100	100	2	100	Ungroupable
1266	2.002	40	8	100	7	4	100	427
1267	1.001	5	1	100	100	1	100	20
1268	105.001	25	3	100	100	100	100	301
1269	14.001	197	3	100	100	15	100	520
1270	2.002	40	12	1	7	4	100	427
1271	2.002	10	100	100	1	22	100	1271
1272	9.001	25	12	1	1	69	100	Ungroupable
1273	2.001	25	3	100	1	4	100	182
1274	2.001	10	100	100	7	20	100	4825
1275	2.002	10	100	100	1	26	100	1271
1276	15.001	142	100	100	100	70	100	1400
1277	2.001	10	100	1	7	26	100	455
1278	2.001	101	100	100	100	100	12	Ungroupable
1279	9.001	132	8	1	1	9	100	38
1280	9.001	10	27	1	1	60	100	5585
1281	9.001	105	100	100	100	2	100	1958
1282	19.001	47	100	1	7	17	100	433
1283	14.001	10	13	1	7	76	100	1586
1284	2.002	54	100	100	7	22	100	719
1285	2.021	54	14	100	7	22	100	3596
1286	2.001	54	1	100	1	18	100	3574
1287	2.002	89	1	100	7	72	100	719
1288	76.002	19	8	1	1	9	100	38
1289	2.002	19	10	1	7	3	100	73
1290	3.002	54	100	100	1	20	100	577
1291	2.001	24	1	100	100	2	21	55
1292	2.002	199	100	100	1	22	100	1271
1293	19.001	47	100	1	7	71	100	6892
1294	2.002	199	100	100	7	22	100	1367
1295	2.002	1	1	100	100	2	100	442
1296	19.001	198	100	1	7	15	100	309
1297	19.001	69	3	100	1	20	100	7301
1298	2.002	15	1	100	100	7	100	2041
1299	19.001	124	11	100	1	20	100	715
1300	2.002	40	11	100	7	15	100	427
1301	19.001	1	12	1	7	43	100	3311
1302	13.001	19	8	1	21	33	100	38
1303	2.002	10	13	100	7	2	100	426
1304	19.001	18	14	1	7	15	100	309
1305	44.001	16	100	1	1	45	100	158
1306	9.001	1	8	100	7	3	100	199
1307	14.001	54	13	100	1	59	100	1833
1308	14.001	18	14	100	7	20	100	1662
1309	2.008	54	13	100	7	20	100	6696
1310	12.007	39	14	100	7	100	100	212
1311	14.001	18	14	100	7	79	100	1662
1312	19.001	209	3	1	7	15	100	309
1313	19.001	206	14	1	7	15	100	309
1314	2.001	5	3	100	2	77	100	5608
1315	19.001	54	3	1	7	17	100	433
1316	18.001	204	11	1	7	26	100	428
1317	102.001	5	100	100	100	27	100	20
1318	14.001	202	100	100	1	3	100	136
1319	19.001	47	100	1	7	78	100	6892
1320	2.002	18	13	100	1	18	100	2209
1321	2.002	40	14	100	1	4	100	427
1322	2.001	205	8	1	1	78	100	409
1323	2.002	200	100	100	1	4	100	1271
1324	19.001	208	8	1	7	3	100	199
1325	1.001	207	100	100	100	1	100	20
1326	19.001	38	13	1	7	13	100	309
1327	9.001	1	12	1	1	2	100	3035
1328	19.001	1	14	1	7	17	100	433
1329	13.001	19	100	1	1	9	100	38
1330	2.008	131	100	1	2	51	100	2599
1331	10.001	33	8	1	2	5	2	348
1332	5.002	10	4	1	1	3	100	127
1333	5.002	1	100	1	1	5	100	127
1334	9.001	1	13	1	100	2	100	442
1335	15.001	62	16	100	100	2	100	1400
1336	2.001	18	14	1	1	3	100	1215
1337	15.001	60	100	100	100	2	6	1400
1338	9.001	25	1	1	1	2	100	3035
1339	9.001	1	4	1	1	22	100	958
1340	43.002	122	100	100	7	6	100	1340
1341	100.006	86	3	100	100	2	100	533
1342	12.007	9	1	100	100	1	100	63
1343	2.002	71	13	100	7	6	100	6545
1344	2.002	18	13	1	7	3	100	470
1345	2.002	10	4	100	1	59	100	1271
1346	2.002	19	13	100	14	1	100	2209
1347	2.002	19	9	100	1	18	100	2209
1348	2.002	1	3	1	100	2	100	442
1349	2.002	40	100	100	7	4	6	427
1350	2.002	40	13	100	7	3	100	436
1351	44.001	16	8	1	1	45	100	158
1352	44.001	16	10	1	23	10	100	158
1353	2.008	131	1	100	2	51	100	2599
1354	19.001	69	13	1	7	20	100	1096
1355	19.001	69	19	100	7	55	100	7324
1356	19.001	38	8	1	7	15	100	309
1357	19.001	38	9	1	7	55	100	247
1358	19.001	1	1	100	7	15	100	5232
1359	19.001	25	100	1	7	15	100	309
1360	14.001	10	13	1	7	49	100	1586
1361	14.001	10	13	100	2	2	100	463
1362	14.001	10	100	100	1	22	100	1271
1363	9.001	210	8	1	1	9	100	1279
1364	18.001	1	8	1	7	80	100	199
1365	2.002	10	100	100	24	26	100	1271
1366	13.001	19	3	1	1	9	24	38
1367	2.002	10	100	100	7	4	100	719
1368	93.001	25	1	100	100	100	2	2655
1369	19.001	24	3	1	7	15	100	309
1370	2.001	9	1	100	100	1	2	63
1371	2.001	5	3	100	7	3	100	3420
1372	44.001	16	4	1	1	45	100	158
1373	14.001	10	3	1	100	100	100	42
1374	112.001	16	10	1	1	10	100	158
1375	2.001	24	1	100	100	2	25	55
1376	110.001	42	100	100	10	2	100	231
1377	111.001	42	100	100	10	2	100	231
1378	2.002	161	4	1	25	10	100	5584
1379	2.002	40	3	100	7	3	100	436
1380	1.011	5	100	100	100	1	100	20
1381	2.002	211	14	100	7	22	100	3596
1382	116.001	25	1	100	100	100	2	240
1383	113.001	16	10	1	1	10	100	158
1384	114.001	25	3	100	100	100	2	2655
1385	19.005	38	12	1	7	15	22	309
1386	115.001	1	11	1	1	3	100	90
1387	5.002	122	14	1	7	3	100	1387
1388	21.001	47	8	1	7	21	1	221
1389	43.002	19	9	1	7	3	1	2457
1390	34.008	42	1	100	10	2	100	231
1391	10.001	25	10	1	2	5	100	348
1392	10.001	1	8	1	7	3	100	199
1393	100.001	18	3	100	100	1	20	1418
1394	15.003	161	3	100	100	1	100	661
1395	100.002	182	100	100	100	2	100	1958
1396	91.001	158	21	100	1	3	100	1925
1397	91.001	36	13	100	100	7	100	289
1398	91.001	36	21	1	100	7	100	1024
1399	71.001	1	8	1	1	3	100	127
1400	15.001	54	100	100	100	2	100	1958
1401	15.001	161	14	100	100	7	100	661
1402	15.001	161	3	100	100	1	100	661
1403	15.005	161	100	100	100	1	100	661
1404	98.001	83	100	100	100	1	100	1412
1405	97.001	54	100	100	100	2	100	1958
1406	96.001	83	100	100	100	1	100	1412
1407	100.005	161	100	100	100	1	6	661
1408	100.005	54	100	100	100	1	100	1645
1409	100.001	54	4	100	100	2	100	1958
1410	100.001	187	100	100	100	1	100	20
1411	100.010	54	100	100	100	1	100	1645
1412	100.010	83	100	100	100	1	100	1645
1413	100.004	160	3	100	100	2	100	520
1414	100.004	186	14	100	100	1	100	1077
1415	100.001	185	100	100	100	1	100	20
1416	100.009	18	100	100	11	1	100	1418
1417	95.001	18	3	100	100	100	100	533
1418	100.001	18	100	100	100	1	100	1645
1419	2.023	18	3	100	100	2	100	520
1420	44.001	215	11	1	1	10	100	158
1421	15.001	18	14	100	100	2	100	893
1422	15.001	3	1	100	100	7	100	307
1423	15.001	14	1	100	100	7	100	307
1424	14.001	10	3	100	14	2	100	42
1425	12.001	10	5	1	100	2	100	4919
1426	1.009	185	100	100	100	1	100	237
1427	1.001	54	14	100	100	100	100	3597
1428	100.006	161	100	100	100	1	100	661
1429	100.001	161	14	100	100	1	100	17
1430	100.001	161	100	100	100	1	100	17
1431	100.001	10	14	100	100	2	100	7004
1432	100.001	18	14	100	100	14	100	17
1433	100.001	188	14	100	100	1	100	17
1434	100.013	25	100	100	100	2	100	190
1435	100.013	54	100	100	100	2	100	1958
1436	13.001	214	8	1	7	53	100	497
1437	100.012	18	100	100	100	1	100	1645
1438	100.011	161	3	100	100	1	100	661
1439	15.006	212	100	100	100	7	100	352
1440	98.002	89	14	100	100	2	100	3597
1441	100.014	5	100	100	100	2	100	1400
1442	15.003	5	14	100	26	1	100	Ungroupable
1443	100.002	213	100	100	100	2	100	867
1444	100.002	214	14	100	100	100	22	Ungroupable
1445	100.015	18	14	100	100	1	100	17
1446	99.001	25	4	100	100	2	100	190
1447	9.001	189	100	1	1	2	100	283
1448	22.013	25	100	100	100	2	100	190
1449	22.001	54	14	100	100	2	100	1958
1450	22.001	25	100	100	6	1	100	190
1451	2.002	18	3	1	5	6	100	Ungroupable
1452	2.001	190	13	1	100	100	100	829
1453	2.001	19	8	100	1	31	100	186
1454	19.004	38	12	1	7	15	100	309
1455	19.001	54	4	100	1	22	100	559
1456	2.023	10	47	1	1	2	100	Ungroupable
1457	19.001	38	13	1	7	55	100	309
1458	14.001	10	14	100	100	1	100	42
1459	14.001	10	14	100	100	1	26	42
1460	34.001	1	14	1	1	1	100	90
1461	2.001	24	14	100	100	2	100	55
1462	2.020	39	14	100	100	100	100	213
1463	103.001	1	8	1	1	3	100	127
1464	10.003	47	8	1	7	21	100	221
1465	1.001	25	100	1	100	2	100	137
1466	100.001	18	100	100	100	27	100	17
1467	15.001	62	4	100	100	2	100	568
1468	18.001	19	100	1	7	8	100	51
1469	2.001	18	4	1	100	2	100	442
1470	2.001	161	100	100	1	7	100	4825
1471	34.001	88	100	1	1	3	100	90
1472	4.001	25	100	100	100	1	100	190
1473	68.001	19	4	1	100	2	100	1115
1474	68.001	19	100	1	100	2	100	1115
1475	9.001	189	8	1	1	2	100	139
1476	15.007	60	100	100	100	2	100	1400
1477	119.001	18	100	100	100	100	100	1418
1478	15.008	88	100	100	100	2	100	1400
1479	10.001	33	8	1	2	85	100	348
1480	34.016	16	11	1	1	10	100	158
1481	34.016	220	11	1	1	10	100	165
1482	22.001	218	14	100	100	2	100	1449
1483	1.001	219	100	100	100	1	100	20
1484	1.001	221	100	100	100	1	100	20
1485	2.001	39	5	100	7	4	100	168
1486	78.002	139	11	100	7	4	100	168
1487	2.001	39	1	100	7	4	100	168
1488	2.001	39	31	100	7	4	2	168
1489	18.001	36	8	1	2	24	2	501
1490	2.001	39	13	100	7	4	100	168
1491	2.001	39	13	100	100	100	1	213
1492	120.001	1	8	1	7	3	2	199
1493	5.002	222	14	1	7	3	100	1387
1494	9.001	1	100	1	1	22	100	958
1495	9.001	10	13	1	1	49	100	1054
1496	9.001	69	100	1	1	22	100	1054
1497	9.001	95	13	1	1	22	100	958
1498	9.001	96	13	1	1	49	100	1054
1499	22.003	218	14	100	100	2	100	3597
1500	19.001	10	47	1	1	2	100	1583
1501	60.001	1	8	1	7	3	29	199
1502	78.002	39	11	10	7	4	2	1039
1503	78.002	39	11	100	7	4	100	168
1504	2.001	3	3	100	100	100	2	182
1505	100.008	10	100	100	100	7	100	352
1506	2.002	193	13	100	7	81	27	426
1507	34.001	1	11	1	1	82	100	90
1508	2.002	18	13	100	1	83	100	2209
1509	2.002	40	11	100	7	84	100	2209
1510	22.007	25	100	100	100	1	100	427
1511	2.002	1	1	1	1	3	2	151
1512	12.001	39	3	100	7	4	16	1513
1513	2.001	39	3	100	7	4	100	168
1514	2.001	39	11	100	7	86	100	168
1515	1.001	57	3	100	100	2	100	520
1516	22.001	98	3	1	1	49	100	4718
1517	22.001	76	13	1	100	2	100	1115
1518	22.001	98	13	1	1	49	100	4718
1519	9.001	58	1	1	100	2	29	3035
1520	22.003	225	14	100	100	2	100	3597
1521	14.001	10	14	100	100	1	29	42
1522	10.002	16	12	1	1	10	100	158
1523	1.001	17	100	100	100	1	100	20
1524	2.001	39	11	100	7	4	27	168
1525	19.006	18	12	1	7	15	100	1764
1526	68.001	25	100	100	100	27	100	1526
1527	68.001	25	100	1	100	27	100	1526
1528	68.001	25	1	1	100	2	100	142
1529	2.008	54	13	1	2	34	100	6992
1535	68.001	83	100	100	100	7	100	352
1541	2.008	54	14	100	100	2	100	1958
1543	9.001	69	13	1	1	22	100	958
1545	22.010	35	8	1	100	7	100	311
1546	9.005	58	100	1	100	2	100	137
1547	9.004	58	100	1	100	2	100	137
1548	9.001	115	100	1	1	49	100	1054
1549	2.008	18	14	100	100	2	100	893
1551	9.001	54	100	1	1	49	100	1054
1555	12.001	36	8	1	7	38	100	1141
1556	14.004	49	13	100	7	20	100	1662
1557	83.001	29	12	100	100	7	100	178
1558	2.008	19	100	1	2	10	100	2098
1559	79.002	25	1	100	100	2	100	3043
1560	19.001	38	13	1	7	1	100	309
1562	2.002	19	44	1	7	3	100	73
1563	9.001	25	44	1	100	32	100	142
1566	78.001	25	1	100	100	2	100	3043
1567	2.002	223	13	100	1	22	100	1271
1568	1.001	224	100	100	100	42	100	Ungroupable
1570	15.001	224	100	100	100	2	100	1958
2124	9.001	25	12	1	100	2	100	3043
2128	2.002	15	100	100	43	7	100	2041
2129	19.001	293	14	1	7	15	100	309
2130	12.001	294	3	1	1	3	100	26
2132	14.001	296	3	100	7	20	100	801
2134	2.002	298	100	1	100	1	100	2034
2136	12.001	300	100	100	100	1	100	20
2148	5.002	122	3	1	7	3	100	2148
2151	14.001	10	3	100	100	1	35	42
2150	14.001	10	3	100	100	1	37	42
2154	10.001	19	100	1	1	3	100	319
2157	2.001	1	21	1	1	40	100	409
2180	14.001	10	14	100	100	1	39	42
2183	2.001	9	11	100	100	100	37	63
2185	34.001	1	14	1	100	1	100	1460
2193	2.001	9	21	100	100	100	100	63
2196	2.001	203	3	1	100	1	100	2047
2197	2.001	54	14	100	1	59	100	3574
2198	2.001	203	14	1	100	1	100	754
2199	2.001	16	13	100	1	49	100	4713
2200	2.001	44	8	100	100	1	2	Ungroupable
2208	60.001	1	8	1	7	53	100	1143
2209	2.002	19	13	100	1	18	100	2209
2236	14.001	15	14	100	100	7	100	352
2357	34.006	40	3	1	1	34	100	Ungroupable
2358	5.002	1	8	1	7	93	100	199
2359	5.002	1	100	1	7	3	100	199
2360	43.002	19	8	1	7	39	1	2457
2361	103.001	1	9	1	1	3	100	90
2362	103.001	1	11	1	1	3	100	90
2363	13.001	25	8	1	21	53	100	497
2364	43.002	16	13	1	7	41	100	1656
2365	21.001	33	8	1	7	52	100	1118
2366	103.001	1	8	1	1	9	100	127
2367	5.002	1	8	1	1	109	100	127
2368	19.001	38	46	1	7	15	100	309
2369	21.001	89	8	1	7	3	100	199
2370	13.001	22	8	1	34	53	100	2473
2371	13.001	1	8	1	7	108	100	199
2372	120.001	1	11	1	7	3	100	199
2373	120.001	1	12	1	7	3	100	1143
2374	13.001	25	8	1	7	93	100	497
2375	21.001	19	100	1	7	3	100	1118
2376	103.001	1	8	1	1	39	2	1463
2377	17.001	1	8	1	34	93	100	2473
2378	18.001	1	12	1	7	120	100	428
2379	141.001	1	8	1	7	3	100	199
2380	103.001	1	13	1	23	23	100	Ungroupable
2381	13.001	25	11	1	7	108	100	497
2382	12.001	22	4	1	34	93	100	2473
2383	13.001	22	4	1	34	93	100	2473
2384	2.002	42	12	100	10	2	100	1958
2385	13.001	19	12	1	1	123	100	38
2386	12.001	22	8	1	34	93	2	2473
1531	2.009	54	14	100	1	4	100	577
6829	100.001	279	100	100	100	2	100	1958
1533	2.008	78	14	100	100	2	100	1749
1534	2.010	19	8	1	100	2	100	279
1536	35.001	69	11	1	1	3	100	90
1537	9.001	97	100	1	1	49	100	1054
1538	14.001	57	100	1	7	7	100	1586
1539	14.001	18	13	100	100	2	100	893
1540	9.001	57	14	1	1	49	100	1054
1542	14.001	101	100	1	100	7	100	352
1544	76.001	25	1	100	100	2	100	3043
1550	9.001	57	100	1	1	49	100	1054
1553	15.004	88	100	100	100	2	100	1400
1554	21.001	47	13	1	7	21	100	221
1561	19.001	38	44	1	7	1	100	1096
1565	14.001	159	44	100	100	7	100	178
1564	14.002	29	44	100	100	7	100	178
1569	2.002	225	12	100	1	4	100	1771
1571	2.002	163	14	1	1	4	100	1627
1572	5.002	122	14	1	7	3	2	1387
1573	81.001	3	1	100	100	2	2	307
1574	87.001	16	8	1	7	3	100	199
1575	43.003	1	12	1	7	6	100	2753
1576	9.002	25	3	1	100	2	100	395
1577	12.005	1	8	1	1	3	100	127
1579	22.009	36	5	1	100	1	100	Ungroupable
1580	11.001	1	3	1	100	2	100	3035
1581	11.001	18	3	1	100	2	100	395
1582	34.009	1	11	1	1	3	100	90
1583	19.001	10	100	1	1	49	100	1054
1584	9.001	10	100	1	100	49	100	1054
1585	14.001	101	3	1	100	7	100	468
1586	14.001	10	13	1	7	7	100	1586
1587	34.010	1	11	1	1	3	100	90
1588	9.003	25	4	1	100	2	100	142
1589	11.001	1	100	1	100	2	100	3035
1590	12.006	1	8	1	1	3	100	127
1591	22.001	98	14	1	1	49	100	4718
1592	22.001	116	100	1	100	2	100	1115
1593	9.001	10	14	1	1	49	100	1054
1595	2.014	10	13	1	7	20	100	7013
1596	44.002	16	10	1	1	45	2	933
1597	82.001	1	1	1	1	3	100	127
1598	9.006	1	8	1	100	2	100	3035
1599	2.001	15	44	1	100	1	100	2047
1600	2.001	1	5	1	1	3	100	127
1601	12.001	1	13	1	1	3	100	127
1602	2.001	1	44	1	100	2	100	442
1603	14.001	10	13	1	7	22	100	1586
1604	60.001	1	8	1	7	82	100	1143
1605	60.001	1	21	1	7	3	100	1143
1606	60.001	1	8	1	7	3	2	1143
1607	19.001	38	14	1	7	26	100	309
1608	2.002	10	14	100	100	7	100	352
1609	108.001	25	8	2	7	53	100	497
1610	108.001	25	8	1	7	5	100	Ungroupable
1611	121.001	25	8	1	7	53	100	497
1612	121.001	25	8	1	7	5	100	497
1613	9.001	1	21	1	1	10	100	561
1614	14.001	29	3	100	100	2	100	520
1615	5.002	122	1	1	7	3	100	1615
1616	14.001	10	3	100	100	1	29	42
1617	14.001	1	3	1	100	2	100	442
1618	60.001	1	8	1	7	3	4	1143
1619	34.011	1	11	100	1	3	100	90
1620	10.003	25	12	1	21	47	100	1698
1621	60.001	1	12	13	7	3	100	1143
1622	60.001	1	12	1	7	3	31	1143
1623	9.001	69	19	1	1	22	100	958
1624	2.002	10	13	1	1	4	100	1771
1625	19.001	18	100	1	7	55	100	309
1626	14.001	171	3	100	1	4	100	5508
1627	2.002	10	100	1	1	4	100	1771
1628	19.001	18	100	1	7	20	100	309
1629	14.001	10	3	1	1	100	100	4614
2125	103.002	47	14	1	7	113	100	2804
1631	1.008	69	14	100	100	2	100	1958
1632	19.001	18	100	1	7	15	100	309
2126	19.001	69	13	1	7	114	100	1096
1636	1.001	54	14	100	100	2	100	1958
2127	14.001	14	100	100	100	115	100	384
2131	2.002	295	13	1	7	3	100	470
2133	2.002	297	3	100	100	7	100	468
2135	19.001	299	100	1	7	15	100	309
2137	19.001	301	100	1	7	15	100	309
2160	19.001	38	4	1	7	26	100	567
2162	9.001	74	27	100	7	10	100	Ungroupable
2164	5.002	2	17	100	1	3	100	127
2165	43.002	1	23	1	7	2	100	345
2166	14.001	29	3	100	41	7	100	178
2169	14.001	29	44	100	100	7	2	178
2172	131.001	25	3	100	100	100	1	182
2186	14.001	14	1	100	37	3	100	Ungroupable
2188	2.001	16	1	1	100	2	100	442
2189	10.007	19	12	1	7	3	100	73
2201	60.001	1	9	1	7	3	100	1143
2210	9.001	54	1	1	1	22	100	958
2211	9.001	1	3	1	1	22	100	958
2237	19.007	54	100	1	7	15	100	309
2238	60.001	1	8	1	7	53	2	233
2239	60.001	1	4	1	7	3	100	1143
2241	2.002	78	100	100	1	59	100	1271
2387	13.001	19	11	1	34	93	100	1840
2388	21.001	16	11	1	7	117	100	3285
2389	21.001	47	8	1	7	93	100	221
2390	10.001	33	11	1	2	121	100	348
2391	18.001	38	100	1	7	15	100	309
2392	142.001	16	8	1	7	6	100	2336
2393	120.001	1	48	1	7	3	100	199
2394	147.001	16	4	1	7	6	100	2336
2395	43.001	1	8	1	7	122	2	2454
2396	145.001	25	11	1	1	3	100	90
2397	43.001	16	4	1	7	119	100	2336
2398	103.002	47	14	1	7	21	100	2351
2399	34.001	38	13	1	7	103	100	309
2400	43.002	16	8	1	7	125	100	345
2401	18.001	40	13	100	7	34	100	426
2402	34.007	40	11	100	7	21	100	1124
2403	12.001	192	8	1	7	3	100	199
2404	44.001	40	9	100	1	34	100	2480
2405	103.001	1	8	1	1	117	100	127
2406	2.002	19	100	100	7	4	100	719
2407	144.001	47	14	1	7	21	100	2352
2408	2.002	40	100	100	1	5	100	427
2409	43.002	1	8	100	1	126	100	7076
2410	12.001	192	8	1	7	62	100	3264
2411	10.003	247	8	1	7	9	100	1464
2412	146.001	1	8	1	7	120	100	199
2413	34.006	40	100	100	7	3	100	436
2414	34.018	40	100	100	7	4	100	427
2415	13.003	40	100	100	1	34	100	2480
2416	143.001	1	13	1	7	125	100	517
2417	2.002	288	4	1	7	3	100	470
2418	5.002	288	8	1	7	3	100	199
2419	10.003	307	8	1	7	21	100	221
2420	34.006	307	3	1	7	4	100	2337
2421	13.001	316	12	1	7	9	100	1216
2422	13.001	314	4	1	7	22	100	2288
2423	21.001	306	8	1	7	21	100	221
2424	18.001	308	12	1	2	24	100	501
2425	21.001	313	8	1	1	23	100	5119
2426	34.007	122	100	100	7	4	100	1124
2427	43.002	310	8	1	7	3	100	199
2428	5.002	317	100	1	7	3	100	199
2484	13.001	22	8	1	34	129	100	2473
2487	10.001	33	54	1	2	5	100	348
2490	21.001	16	13	1	21	3	100	2438
2494	21.001	10	55	1	7	3	100	1118
2495	13.001	25	54	1	7	53	100	497
2496	13.001	19	53	1	7	9	100	38
2497	10.003	1	11	1	7	47	100	1698
1630	2.008	54	13	100	100	2	100	1958
1633	2.008	42	100	100	100	2	100	1958
1634	2.002	10	13	100	1	4	100	1271
1635	19.001	18	3	1	7	20	100	1643
1637	14.001	105	13	100	100	100	100	2958
1638	10.001	235	12	1	2	5	100	348
1639	2.002	10	4	1	1	4	100	1771
1640	2.008	54	100	100	1	2	100	1958
1641	19.001	54	100	1	7	15	100	309
1642	19.001	18	100	1	1	22	100	5585
1643	19.001	18	13	1	7	15	100	309
1644	2.002	10	13	100	22	49	100	5603
1645	19.001	54	100	100	100	1	100	1645
1646	14.001	10	3	100	7	18	100	6839
1647	2.001	10	14	100	6	4	100	Ungroupable
1648	14.001	10	13	100	100	4	100	5508
1649	2.002	10	100	1	1	49	100	1054
1650	19.001	1	14	1	1	49	100	1583
1651	19.001	10	100	100	1	4	100	1271
1652	9.001	18	13	1	7	15	100	1632
1653	19.001	18	100	1	1	4	100	1627
1654	2.002	10	100	1	100	89	100	1627
1655	14.001	58	13	100	7	20	100	1662
1656	43.002	1	13	1	7	3	100	199
1657	2.002	1	1	100	7	3	100	436
1658	2.002	89	100	100	7	20	100	719
1659	19.001	124	14	100	1	20	100	1659
1660	2.001	1	100	100	7	3	100	436
1661	2.002	89	3	100	7	4	100	719
1662	14.001	18	13	100	7	20	100	1662
1663	2.002	174	11	100	1	4	100	1771
1664	2.008	54	100	1	7	20	100	1641
1665	14.001	49	14	100	7	20	100	1662
1666	2.002	10	100	100	7	4	6	719
1667	2.002	174	100	100	1	4	100	1271
1668	19.001	10	13	100	7	26	100	2069
1669	2.002	174	13	100	1	4	100	1771
1670	14.001	18	100	100	7	22	100	436
1671	14.001	203	13	100	7	20	100	1662
1672	18.001	25	24	1	7	43	100	4199
1673	2.002	89	9	100	7	4	100	719
1674	19.001	10	13	1	7	3	100	455
1675	2.002	225	100	100	1	4	100	1771
1676	19.001	174	100	100	7	20	100	7319
1677	2.002	38	100	100	7	55	100	436
1678	10.001	233	8	1	2	5	2	348
1679	34.017	40	100	100	7	4	100	427
1680	10.001	234	8	1	2	24	2	1489
1681	10.001	33	8	1	30	5	100	348
1682	10.001	33	8	1	31	5	100	348
1683	10.001	234	8	1	7	3	100	199
1684	13.001	25	8	1	1	53	100	497
1685	10.003	1	12	1	7	25	100	1698
1686	13.002	1	11	1	21	3	100	1696
1687	21.001	1	12	1	7	3	100	1118
1688	43.001	1	8	1	7	8	100	199
1689	43.002	1	12	1	7	80	100	345
1690	13.002	1	21	1	7	3	100	199
1691	13.001	192	8	1	1	9	100	38
1692	43.002	1	12	1	21	23	100	2753
1693	13.001	1	8	1	1	1	100	127
1694	10.001	33	8	1	2	9	100	348
1695	18.001	1	11	1	7	3	100	428
1696	13.002	1	8	1	7	3	100	199
1697	18.001	16	8	1	7	3	100	199
1698	10.003	1	12	1	7	47	100	1698
1699	13.001	25	8	1	7	3	100	199
1700	2.002	1	8	1	7	23	100	73
1701	18.001	59	8	1	7	22	100	428
1702	18.001	192	8	1	1	25	100	2778
1703	18.001	1	8	1	7	48	1	428
1704	10.001	33	17	1	2	5	100	199
1705	13.002	1	11	1	7	3	100	199
2138	19.001	301	12	1	7	15	100	309
1707	13.002	1	12	1	7	3	100	199
1708	13.001	25	9	1	7	53	100	497
2139	19.001	302	13	1	7	3	100	1096
2140	2.002	287	3	1	1	3	100	264
2143	34.001	1	50	1	1	3	100	90
2161	9.001	1	17	1	2	10	100	Ungroupable
2163	9.001	1	17	1	100	2	100	442
2167	14.001	29	44	100	100	7	100	178
2168	14.001	29	100	100	100	7	2	178
2170	14.001	10	14	1	7	7	100	1586
2171	34.008	42	100	100	10	2	100	231
2187	2.001	39	100	100	7	4	100	168
2202	34.007	305	100	100	7	4	100	1124
2212	134.001	19	3	1	7	3	100	73
2213	132.001	10	100	100	100	1	100	352
2215	135.001	49	13	100	7	20	100	1662
2217	137.001	10	100	100	100	2	100	1958
2220	139.001	292	4	100	100	1	100	Ungroupable
2221	14.009	15	3	100	100	7	100	2028
2225	3.004	88	100	100	100	19	100	2117
2226	34.018	1	11	1	1	3	100	90
2227	44.004	9	1	100	100	100	100	63
2240	93.001	311	3	100	100	100	1	2655
2242	93.001	311	13	100	100	100	1	Ungroupable
2429	2.002	1	4	1	7	3	100	199
2430	5.002	1	4	1	7	3	100	199
2431	5.002	1	11	1	7	3	100	2431
2432	5.002	16	4	1	7	3	100	199
2433	13.002	1	13	1	7	3	100	199
2434	11.001	1	4	1	7	15	100	3292
2435	5.002	16	8	1	7	3	100	199
2436	5.002	1	11	1	1	22	100	127
2437	13.001	1	8	1	1	22	100	127
2438	21.001	1	13	1	7	3	100	199
2439	13.002	1	9	1	21	3	100	1696
2440	13.002	1	12	1	21	3	100	1696
2441	12.001	16	11	1	7	6	100	2336
2442	13.002	25	4	1	7	3	100	1696
2443	13.001	1	10	1	7	22	100	1179
2444	12.007	1	11	1	7	22	100	2431
2445	13.001	19	12	1	7	9	100	38
2446	5.002	33	12	1	7	3	100	199
2447	13.002	25	12	1	7	3	100	1696
2448	21.001	19	11	1	7	3	100	1118
2449	21.001	1	11	1	7	22	100	1118
2450	2.001	1	11	1	1	52	100	7109
2451	43.001	1	4	1	7	15	2	929
2452	13.001	19	8	1	21	9	100	38
2453	21.001	1	12	1	34	3	100	1118
2454	43.001	1	8	1	7	15	2	514
2455	27.003	1	12	1	34	3	100	1687
2456	43.001	1	12	1	7	15	2	2454
2457	43.002	19	8	1	7	3	100	199
2458	43.002	19	12	1	7	3	100	345
2459	21.001	1	4	1	7	52	100	1118
2460	43.004	25	8	1	2	10	100	2467
2461	18.001	1	8	1	7	55	2	7044
2462	43.004	25	4	1	7	10	100	4089
2463	21.001	47	12	1	7	3	100	1118
2464	10.003	1	12	1	21	47	100	1698
2465	18.001	36	12	1	2	24	100	501
2466	18.001	47	11	1	7	10	100	1695
2467	43.004	25	13	1	2	10	100	2467
2468	13.001	1	12	1	1	68	100	3336
2469	43.001	47	13	1	7	21	100	2351
2470	12.001	1	8	1	34	93	100	2473
2471	13.001	25	8	1	7	108	100	497
2472	27.003	1	12	1	34	93	100	2453
2473	12.001	22	8	1	34	93	100	2473
2474	12.001	22	13	1	34	93	100	2473
2475	13.001	22	13	1	34	93	100	2473
2476	2.002	40	13	100	7	34	100	426
2478	21.001	172	13	1	1	9	100	2289
2479	9.001	192	8	1	7	1	100	4103
2480	2.002	40	100	100	1	34	100	427
2481	13.002	303	8	1	7	3	100	199
1706	18.001	1	8	1	7	24	100	199
1709	120.001	1	8	1	7	3	100	199
1710	13.002	1	8	1	1	3	100	127
1711	43.002	1	8	1	7	15	100	199
1712	2.001	251	11	100	7	4	100	168
1713	14.001	10	3	100	100	1	31	42
1714	127.001	25	1	100	100	2	100	3043
1715	43.002	1	8	1	7	1	100	199
1716	10.001	33	8	100	2	5	100	348
1717	13.001	1	12	1	7	22	100	199
1718	13.001	25	11	1	7	53	100	497
1719	13.001	1	12	1	7	3	100	199
1720	14.001	58	100	100	7	20	100	1308
1721	14.001	244	14	100	7	20	100	1662
1722	14.001	49	1	100	7	20	100	1662
1723	2.002	216	3	100	7	4	100	719
1724	14.001	49	100	100	7	20	100	1662
1725	2.024	133	37	1	7	48	100	1839
1726	2.002	174	14	100	33	4	100	719
1727	2.002	54	100	100	7	18	100	719
1728	19.001	10	100	100	7	55	100	455
1729	19.001	124	100	100	7	20	100	7319
1730	2.008	10	13	1	7	20	100	7013
1731	14.001	5	14	100	100	7	100	352
1732	12.001	36	8	1	100	2	100	928
1733	4.001	16	8	1	100	1	100	104
1734	12.001	36	11	1	100	2	100	928
1735	128.001	33	4	1	2	5	100	348
1736	125.001	19	8	1	7	3	100	73
1737	87.002	16	8	1	7	3	100	199
1738	43.004	1	8	1	7	3	100	199
1739	10.003	246	8	1	7	21	100	221
1740	10.003	247	8	1	7	21	100	221
1741	18.001	22	8	1	34	93	100	2473
1742	13.001	25	8	1	7	94	100	497
1743	21.001	248	8	1	7	3	100	199
1744	10.004	33	12	1	2	5	100	348
1745	126.001	59	8	1	7	22	100	554
1746	9.001	1	1	1	1	22	100	958
1747	9.001	236	100	1	1	49	100	1054
1748	22.001	10	100	100	7	26	100	1367
1749	2.008	54	100	100	100	2	100	1958
1750	2.008	54	4	1	2	34	100	1529
1751	2.002	89	37	100	7	4	100	719
1752	2.002	252	13	100	7	4	6	426
1753	19.001	18	100	1	1	15	100	309
1754	19.001	18	100	100	100	2	100	1958
1755	19.001	237	100	1	7	15	100	309
1756	14.001	10	14	1	1	2	100	3456
1757	14.001	239	13	100	1	4	12	5508
1758	14.001	171	3	100	1	90	100	6857
1759	14.001	10	100	100	1	4	100	1271
1760	14.001	10	100	1	100	89	100	352
1761	14.001	240	13	100	7	3	100	6761
1762	19.001	38	14	1	7	91	100	309
1763	19.001	47	100	1	7	17	32	433
1764	19.006	18	12	1	7	26	100	6880
1765	2.001	10	100	100	100	1	100	352
1766	2.001	242	14	1	1	26	100	6802
1767	9.001	238	100	1	1	22	100	1054
1768	19.007	18	100	1	7	20	100	1632
1769	2.002	171	100	100	1	90	100	6857
1770	2.001	171	3	100	1	90	100	4728
1771	2.002	10	100	100	1	4	100	719
1772	14.007	10	14	100	100	7	100	352
1781	19.001	124	3	100	1	81	100	715
1782	2.002	89	100	100	7	84	100	719
1783	2.002	10	100	100	7	84	6	1367
1784	2.002	89	13	100	7	84	100	719
1785	2.002	216	11	100	7	84	6	Ungroupable
1786	19.001	38	12	1	7	87	100	309
1787	21.001	1	8	1	7	92	100	199
1788	2.002	225	13	100	1	84	100	1634
1789	14.001	18	13	100	7	81	100	1662
1791	14.001	58	13	100	7	81	100	1662
1792	2.002	1	48	1	7	82	30	Ungroupable
1793	2.002	89	1	100	7	84	100	719
1797	14.001	18	14	100	7	81	100	1662
1798	2.002	89	12	100	7	84	100	719
1799	2.002	89	12	100	7	88	100	719
1800	2.002	89	37	100	7	84	100	719
1802	2.002	10	100	100	1	87	100	1271
1803	19.006	18	12	1	7	87	100	1764
1804	2.002	40	1	100	7	4	100	427
1805	5.002	122	11	1	7	3	100	1387
1807	34.001	1	6	1	1	3	100	90
1808	14.008	10	3	100	100	1	31	42
1809	2.002	40	1	1	7	4	100	427
1810	78.002	122	14	1	7	3	100	1387
1811	21.001	15	100	100	100	7	100	352
1812	2.002	40	3	100	1	3	100	436
1813	3.003	256	8	1	7	3	2	199
1815	5.002	222	14	1	7	3	2	1387
1816	5.002	122	8	1	7	3	100	199
1817	14.001	10	3	100	100	1	30	42
1818	34.001	9	1	100	7	3	100	3420
1819	2.001	9	3	100	100	3	100	301
1820	14.008	10	3	100	100	1	6	42
1821	14.008	10	3	100	100	1	29	42
1822	2.001	1	1	1	100	1	100	442
1823	14.008	10	3	100	100	1	100	42
1824	5.002	122	13	1	7	3	100	1387
1825	9.001	82	14	100	100	2	100	1845
1827	5.002	122	3	1	100	3	100	2148
1828	43.002	122	14	1	7	3	100	1387
1830	19.001	69	14	100	7	55	100	7317
1831	2.002	19	14	100	1	68	100	625
1832	5.002	257	14	1	7	3	100	1387
4524	226.001	40	1	1	7	3	100	1615
1833	14.001	171	13	100	1	90	100	6857
1834	2.002	253	100	100	100	2	100	1958
1835	2.002	69	100	100	100	2	100	1958
1836	123.001	241	100	100	1	18	100	896
1837	2.002	243	1	100	1	18	100	2209
1839	2.024	133	13	1	7	48	100	1839
1840	13.001	22	8	1	34	93	100	2473
1841	19.001	47	12	1	7	15	100	309
1842	14.001	47	3	1	7	17	100	433
1843	129.001	40	100	100	7	4	100	427
1844	2.026	27	1	100	100	2	100	55
1845	9.001	105	1	100	100	2	100	3043
1846	2.002	9	3	1	7	3	100	73
1847	5.002	19	3	1	1	3	100	73
1848	2.001	58	11	1	100	2	100	442
1849	2.002	40	9	100	7	3	100	436
1850	19.001	38	12	1	7	95	100	309
1851	19.001	89	14	100	7	82	100	6973
1852	2.002	216	3	100	7	84	6	Ungroupable
1853	2.002	89	3	100	7	84	100	719
1854	2.002	18	14	100	7	20	100	1203
1855	2.002	249	37	100	7	84	100	1751
1856	19.008	10	100	1	7	15	100	309
1858	19.001	49	1	100	7	81	100	6895
1859	14.001	250	46	100	7	81	100	Ungroupable
1860	14.001	49	14	100	7	81	100	1308
1861	2.002	174	11	100	1	84	100	1667
1862	19.001	10	14	1	7	87	100	455
1863	34.001	1	35	1	1	3	100	90
1864	14.001	18	13	100	7	22	100	1662
1865	19.001	18	14	1	7	20	100	1632
1866	2.001	222	11	100	7	4	100	168
1867	2.002	9	1	1	7	3	100	1615
1868	14.002	16	1	100	100	7	6	1061
1869	5.002	40	1	1	7	3	100	1615
1870	14.001	10	3	100	100	1	27	42
1871	2.002	18	100	100	100	96	100	1958
1872	14.001	10	1	100	100	1	100	42
1873	19.001	261	13	1	7	3	100	1096
1874	14.008	16	3	1	1	3	100	5058
1875	2.001	260	13	100	100	100	100	63
1876	2.002	89	100	100	1	4	100	719
1877	5.002	137	100	1	1	3	100	127
1878	2.001	15	8	1	100	1	100	2047
1879	9.001	18	100	1	1	22	100	1054
1880	2.002	258	14	100	100	2	100	1958
1881	63.001	1	3	1	100	2	100	3035
1882	2.002	42	13	100	10	2	100	1958
1883	18.001	19	14	100	7	3	100	2718
1884	93.001	259	3	100	100	100	100	2655
1885	19.001	163	100	100	7	20	100	7319
1886	34.001	1	3	1	7	3	100	199
1887	94.001	42	100	100	10	2	100	231
1888	2.002	18	14	100	100	100	100	893
1889	2.026	24	1	100	100	2	100	55
1890	14.001	10	14	100	1	22	100	1362
1891	2.002	25	1	100	100	2	100	1387
1892	12.001	161	13	1	16	49	8	Ungroupable
1893	14.001	29	8	100	1	7	100	178
1894	12.001	161	13	1	16	49	100	Ungroupable
1895	2.002	19	9	1	7	3	100	73
1896	19.001	124	13	100	23	20	100	1729
1897	2.002	42	1	100	10	2	100	231
1898	2.001	1	1	1	7	2	100	442
1899	2.022	19	11	1	25	10	100	5584
1900	2.002	40	11	100	7	4	100	427
1901	2.002	10	100	1	1	55	100	1627
1902	2.001	54	1	100	1	22	22	3574
1903	14.001	29	1	100	1	7	100	178
1904	2.027	14	100	100	35	1	100	2018
1905	14.001	47	13	1	7	17	100	433
1906	2.001	24	1	100	100	2	2	63
1907	2.001	211	13	100	1	22	33	3574
1908	34.007	54	1	100	7	4	100	1124
1909	130.001	5	13	100	100	100	100	467
1910	14.001	47	3	1	7	15	100	433
1911	130.001	260	13	100	100	100	100	467
1912	2.002	274	11	100	7	4	100	719
1913	2.002	274	1	100	7	4	100	427
1914	14.001	10	3	100	100	1	7	42
1915	5.002	1	3	1	1	1	31	264
1916	15.003	275	14	100	1	26	100	Ungroupable
1917	78.002	39	11	100	7	4	2	168
1918	34.001	40	1	100	7	3	100	436
1919	2.001	5	3	100	100	100	100	301
1920	34.007	274	100	100	7	4	100	1124
1921	2.001	54	14	100	1	22	22	3574
1922	2.001	211	1	100	1	22	33	Ungroupable
1923	14.001	14	1	100	1	3	100	3400
1924	2.001	24	1	100	7	4	1	1487
1925	34.001	130	11	100	1	3	100	90
1926	19.001	38	37	1	7	15	100	309
1927	2.002	47	14	100	7	4	100	719
1928	2.001	47	1	100	7	4	1	1487
1929	2.002	10	3	100	1	89	100	1271
1930	2.002	10	3	100	1	102	100	1271
1931	19.001	10	14	1	7	26	100	455
1932	9.001	10	23	1	1	55	100	Ungroupable
1933	19.001	10	100	1	7	26	100	309
1934	2.002	18	14	1	1	4	100	1627
1935	19.001	18	3	1	7	102	100	1632
1936	19.001	18	100	1	100	89	100	1632
1937	19.001	18	3	1	1	4	100	4758
1938	2.002	40	3	100	7	4	100	427
1939	1.001	54	14	1	7	26	100	2732
1940	9.001	69	14	1	1	22	22	1543
1941	2.002	171	13	100	1	90	100	4728
1942	19.001	278	100	100	100	103	100	1645
1943	9.001	276	14	1	1	49	100	1054
1944	14.001	277	41	100	1	4	100	5508
1945	19.001	279	24	1	7	15	100	309
1946	2.002	280	14	1	1	4	100	1627
1947	2.028	40	13	100	7	4	100	426
1948	14.001	10	100	100	100	1	31	352
1949	2.029	25	11	1	2	22	100	Ungroupable
2141	34.001	291	11	1	1	3	100	90
2142	14.001	15	14	100	100	7	38	2028
2144	2.001	9	50	100	100	100	100	63
2173	2.002	304	13	100	1	18	100	2209
2175	14.001	10	100	100	100	1	37	352
2178	5.002	40	3	1	7	3	100	2148
2190	5.002	19	8	1	1	3	100	127
2203	2.001	24	13	100	100	2	2	55
2204	34.007	305	14	100	7	4	100	1124
2214	133.001	1	11	1	1	3	100	90
2216	136.001	3	1	100	100	2	100	307
2218	137.001	10	14	100	100	2	100	7004
2219	138.001	15	100	1	7	38	100	780
2222	140.001	49	1	100	7	20	100	801
2223	19.009	24	12	1	7	15	100	4422
2224	2.030	9	1	100	100	1	100	63
2228	44.004	16	100	1	1	45	100	931
2229	44.004	16	100	1	7	45	100	Ungroupable
2230	5.006	1	3	1	1	3	100	264
2231	67.002	10	14	100	100	1	100	42
2232	93.002	15	1	100	44	7	100	2053
2243	2.002	1	10	1	7	3	100	73
2244	2.002	1	8	1	7	6	1	3789
2245	5.002	1	9	1	7	3	100	199
2246	2.001	1	13	1	7	3	100	199
2247	5.002	1	10	1	7	3	100	199
2248	13.001	1	13	1	1	1	100	37
2249	2.001	1	4	1	1	22	100	958
2250	2.002	1	12	1	7	8	100	1143
2251	10.001	1	8	1	7	5	100	348
2252	13.002	1	8	1	7	2	100	199
2253	17.001	1	10	1	1	3	100	90
2254	17.001	1	11	1	1	3	100	90
2255	2.002	19	8	1	1	3	100	73
2256	13.001	1	10	1	7	3	100	199
2257	18.001	1	11	1	1	3	100	90
2258	12.001	1	12	1	7	3	100	1143
2259	13.004	1	11	1	7	3	100	2431
2260	21.001	1	4	1	7	3	100	199
2261	17.001	1	8	1	7	3	100	199
2262	2.002	19	1	8	1	7	3	Ungroupable
2263	13.002	1	13	1	7	3	8	1696
2264	5.002	16	4	1	7	6	100	2430
2265	5.002	19	12	1	1	3	100	127
2266	21.001	1	9	1	7	3	100	199
2267	5.002	19	8	1	7	3	100	199
2268	5.002	1	13	1	1	22	100	2430
2269	5.002	16	11	1	7	3	100	2431
2270	18.001	1	11	1	7	6	1	3789
2271	2.001	1	13	1	7	22	100	517
2272	17.001	16	8	1	1	3	100	127
2273	13.001	19	4	1	7	3	100	1179
2274	10.001	19	12	1	2	5	100	348
2275	18.001	16	4	1	7	3	100	428
2276	21.001	1	12	1	7	8	100	1118
2277	13.001	19	8	1	7	3	100	497
2278	13.002	19	8	1	7	3	100	199
2279	18.003	1	21	1	7	3	100	1696
2280	13.002	1	13	1	21	3	100	1696
2281	13.001	19	4	1	7	9	100	38
2282	12.001	16	11	1	7	6	1	2336
2283	12.001	1	8	1	7	24	24	3264
2284	17.001	19	12	1	1	3	100	2254
2285	13.002	16	11	1	7	6	100	2336
2286	10.003	1	10	1	7	25	100	1698
2287	12.001	16	13	1	7	6	100	2336
2288	13.001	1	11	1	7	22	100	3336
2289	13.001	19	13	1	1	9	100	38
2290	13.001	19	12	1	1	10	100	38
2291	5.002	1	8	1	7	34	100	199
2292	13.002	1	13	1	7	21	100	1696
2293	43.002	1	8	1	2	3	100	199
2294	21.001	19	8	1	7	3	2	1118
2295	43.002	1	4	1	7	3	100	199
2296	10.004	33	8	1	2	5	100	348
2297	21.001	1	8	1	7	22	100	199
2298	5.002	1	24	1	7	22	100	199
2299	13.002	25	11	1	7	3	100	1696
1950	9.001	105	3	100	100	2	100	3043
1951	44.001	282	100	1	1	10	2	3548
1952	2.001	1	1	1	100	2	31	442
1953	121.001	1	4	1	7	105	100	2430
6830	103.002	10	14	100	1	4	100	1771
1954	2.002	89	14	100	1	26	100	1203
1956	2.008	10	100	1	7	15	100	309
1957	43.002	10	13	100	7	6	100	1340
1958	2.002	54	100	100	100	2	100	1958
1959	14.001	14	3	100	1	3	100	3400
1960	5.005	257	14	1	7	3	100	1387
1961	60.001	1	8	1	38	3	100	1143
1962	2.001	10	100	1	1	22	100	1271
1963	100.001	29	100	100	100	7	100	352
1964	2.001	9	3	100	100	3	2	301
1965	103.004	38	12	1	7	55	100	247
1966	14.001	10	13	1	7	7	35	1586
1967	43.002	284	1	100	7	6	100	1340
1968	2.001	283	14	1	100	1	100	754
1969	5.002	222	1	1	7	3	100	1615
1970	2.001	39	1	100	7	4	2	168
1971	2.001	39	1	100	7	4	31	168
1972	2.001	171	100	100	1	90	100	6857
1973	19.001	54	14	100	100	1	100	1645
1974	5.002	19	21	100	1	22	100	Ungroupable
1975	13.001	19	3	1	7	9	100	38
1976	2.002	10	14	100	7	26	100	1203
1977	43.004	25	13	1	2	45	100	2467
1980	2.002	285	1	100	7	4	100	427
1981	93.001	25	3	100	100	100	1	2655
1982	2.001	39	11	100	7	4	35	168
1983	2.002	89	14	100	7	59	100	719
1984	22.001	50	3	100	100	1	2	3111
1985	124.001	18	4	100	100	100	100	7371
1986	130.001	33	100	100	100	99	34	Ungroupable
1987	124.001	16	13	1	100	101	34	Ungroupable
1988	130.001	272	13	15	100	99	34	Ungroupable
1989	19.007	14	100	1	7	97	34	Ungroupable
1990	2.023	10	47	12	1	2	28	Ungroupable
1991	5.002	22	8	1	7	3	1	2267
1992	19.007	271	100	1	36	100	34	Ungroupable
1993	2.001	39	11	100	100	100	1	213
1857	34.007	122	1	100	7	6	100	1340
1994	15.001	3	44	100	100	2	2	1995
1995	15.001	3	44	100	100	2	100	1400
1996	2.001	25	42	100	100	100	1	240
1997	2.001	9	44	100	100	100	100	63
1998	2.001	9	44	100	100	1	100	63
1999	2.001	10	100	100	100	7	100	352
2001	67.001	9	1	100	100	100	100	63
2002	2.007	9	1	100	100	100	2	63
2004	14.001	10	44	100	100	7	100	352
2007	70.001	54	100	100	3	100	100	Ungroupable
2008	2.011	82	3	100	100	2	100	6542
2009	73.001	25	3	100	100	100	100	301
2010	2.012	10	14	100	100	7	100	352
2011	76.001	25	1	100	100	2	2	3043
2012	79.001	25	3	100	100	100	2	2655
2013	1.004	5	100	100	100	1	100	20
2014	1.007	5	100	100	100	1	100	20
2015	1.007	5	100	100	14	1	100	20
2016	62.001	3	44	100	100	2	2	Ungroupable
2017	103.003	1	8	1	1	3	100	127
2018	2.006	14	100	100	100	1	100	1645
2019	19.001	5	14	1	7	15	100	309
2020	103.002	38	13	1	7	1	100	1096
2021	103.002	38	12	1	7	26	100	247
2022	12.001	15	13	100	100	1	100	85
2023	13.001	35	100	1	100	7	100	311
2024	14.001	5	13	1	7	20	100	1586
2025	14.001	10	1	100	100	19	10	352
2145	2.002	15	4	1	37	7	100	2039
2026	14.001	14	1	100	100	1	100	42
2028	14.001	15	100	100	100	7	100	352
2146	19.001	14	100	100	100	1	100	1645
2029	14.001	10	19	100	100	1	100	42
2174	2.001	39	14	100	7	4	100	168
2035	2.002	10	100	100	100	2	100	1958
2176	14.010	10	1	100	100	2	100	Ungroupable
2036	2.002	10	14	1	100	1	100	1458
2177	78.002	122	1	1	7	3	100	1615
2037	2.002	10	4	100	100	7	100	352
2191	5.002	222	14	1	43	3	100	1387
2038	2.002	15	4	1	100	7	100	2041
2040	2.002	15	3	100	100	7	100	2041
2205	14.011	47	3	1	7	118	100	433
2041	2.002	15	100	100	100	7	100	352
2042	2.002	15	100	100	100	1	100	1958
2206	34.007	40	1	100	7	4	100	1124
2043	14.001	29	13	100	100	1	100	178
2047	2.001	15	1	1	100	1	100	442
2233	100.014	18	39	1	7	81	100	Ungroupable
2049	2.001	24	3	100	100	2	100	63
2300	18.001	19	8	1	7	8	100	428
2050	2.002	19	4	1	100	2	100	1115
2301	21.001	19	10	1	7	3	100	1118
2051	34.001	3	1	100	100	2	100	307
2302	18.001	19	13	1	7	3	100	428
2053	14.001	15	1	100	100	7	100	178
2303	21.001	1	9	1	7	22	100	1118
2304	21.001	16	8	1	7	8	100	1118
2305	13.002	25	13	1	7	3	100	1696
2306	18.001	1	11	1	7	25	2	1695
2307	43.002	1	8	1	7	3	2	345
2308	43.001	1	4	1	7	8	100	199
2309	10.001	33	8	1	7	5	100	348
2310	13.001	19	8	1	21	3	100	1179
2311	21.001	1	10	1	7	25	100	1118
2312	2.001	1	11	1	1	52	6	2450
2313	10.001	1	8	1	1	47	100	127
2314	10.003	1	4	1	7	47	100	1698
2315	43.001	1	4	1	7	15	6	3292
2316	11.001	1	4	1	40	15	100	929
2317	43.004	1	4	1	1	22	100	2436
2318	43.001	1	13	1	7	8	100	514
2319	12.001	19	12	1	7	23	100	895
2320	43.001	1	8	1	7	15	6	514
2321	10.001	33	9	1	2	21	100	348
2322	13.002	1	51	1	7	3	100	199
2323	21.001	1	8	1	7	39	100	199
2324	43.001	1	8	1	1	23	100	127
2325	18.002	25	8	1	2	24	100	501
2326	43.001	1	11	1	1	22	100	124
2327	13.001	47	8	1	7	3	100	199
2328	43.002	19	12	1	1	3	1	Ungroupable
2329	43.004	1	11	1	1	22	100	124
2330	19.005	19	13	1	7	21	100	798
2331	21.001	1	4	1	7	48	100	1118
2332	12.001	22	8	1	34	5	100	2473
2333	21.001	36	9	1	7	8	100	2758
2334	43.002	19	10	1	7	3	1	2457
2335	13.002	47	12	1	7	3	100	1696
2336	43.001	16	11	1	7	6	100	2336
2337	34.006	36	3	1	7	4	100	2337
2338	18.001	47	11	1	7	3	100	428
2339	5.002	25	46	1	7	3	100	199
2340	10.003	47	12	1	7	10	100	3805
2341	2.002	19	13	1	1	53	100	798
2342	43.004	19	17	1	7	3	100	73
2343	21.003	47	12	1	7	3	100	346
2344	18.001	36	11	1	2	24	100	501
2345	21.001	47	17	1	7	3	100	1687
2346	18.001	36	12	1	7	24	100	501
2347	13.001	19	8	1	7	52	100	1179
2348	18.001	36	21	1	2	24	100	501
2349	10.001	33	46	1	7	5	100	348
2350	13.001	25	4	1	7	53	100	497
2351	19.001	47	13	1	7	21	100	2351
2352	18.001	47	14	1	7	21	100	221
2027	14.001	15	100	100	100	1	100	352
2030	14.001	10	12	100	100	1	100	42
2031	14.001	10	13	1	7	20	100	1586
2032	14.001	10	14	100	100	19	10	2033
2033	14.001	10	100	100	100	19	10	352
2034	2.002	10	100	100	100	1	100	1958
2039	2.002	15	4	100	100	7	100	2041
2044	19.001	38	100	1	7	1	100	309
2045	19.001	69	13	1	7	1	100	1096
2046	19.001	15	100	1	7	1	100	309
2048	2.001	170	4	1	100	1	100	2047
2052	4.001	36	100	1	100	2	100	928
2054	14.001	49	3	100	7	3	100	801
2055	14.001	144	1	100	100	7	100	178
2056	19.001	5	14	100	7	15	100	2057
2057	19.001	5	100	1	7	15	100	309
2058	19.001	15	100	100	7	15	100	309
2059	19.001	15	13	1	7	20	6	268
2060	19.001	15	1	100	100	7	100	178
2061	19.001	10	1	1	7	15	100	309
2062	19.001	69	1	1	7	15	100	309
2063	19.001	261	1	1	7	3	100	3099
2064	19.001	10	13	1	7	20	100	455
2065	19.001	10	4	1	7	15	100	309
2066	19.001	24	21	1	7	15	100	309
2067	19.001	35	13	1	7	20	100	1096
2068	19.001	35	13	1	7	3	100	1096
2069	19.001	38	13	1	7	26	100	309
2070	19.001	38	11	1	7	26	100	567
2071	19.001	38	13	1	7	38	100	309
2072	19.001	48	100	1	7	15	100	309
2073	19.001	88	13	1	7	3	100	1096
2074	19.001	88	13	1	7	15	100	309
2075	19.001	88	3	1	7	15	100	309
2076	19.001	88	100	1	7	15	100	309
2077	34.001	1	13	1	1	3	100	90
2078	14.001	289	1	100	100	7	100	178
2079	2.006	48	100	100	35	19	10	2092
2080	2.002	38	3	1	7	15	100	309
2081	2.001	10	1	100	100	100	6	63
2082	2.001	10	1	100	100	100	100	63
2083	2.001	9	1	100	1	3	2	3420
2084	2.002	19	11	1	7	3	2	73
2085	2.002	19	100	100	7	18	100	719
2086	2.002	50	4	100	100	7	100	2041
2087	2.002	50	13	1	100	1	100	7008
2088	2.002	54	13	1	7	20	100	268
2089	2.002	88	100	1	100	19	100	2973
2090	2.006	14	9	100	100	1	100	2018
2091	2.006	14	8	100	100	1	100	2018
2092	2.006	48	100	100	100	19	10	2033
2093	2.006	49	3	100	7	20	100	801
2094	2.006	49	14	100	7	20	100	1308
2095	2.006	228	100	100	100	19	100	Ungroupable
2096	2.008	19	19	1	2	10	2	2098
2097	2.008	19	19	1	14	10	100	2098
2098	2.008	19	19	1	2	10	100	2098
2099	21.001	49	3	100	7	20	100	801
2100	22.001	14	3	100	100	1	100	239
2101	22.001	15	100	100	100	1	100	84
2102	22.001	15	100	100	7	15	100	870
2103	22.001	88	3	1	7	15	100	2076
2104	22.001	88	100	100	100	19	100	2117
2105	34.001	1	100	1	100	3	100	90
2106	34.001	1	100	1	7	3	100	199
2107	34.001	10	1	100	100	7	10	3901
2108	34.001	1	4	1	1	3	100	90
2109	34.001	1	11	1	1	3	12	90
2110	34.001	1	31	100	1	3	100	90
2111	34.001	10	29	1	1	3	100	90
2112	34.001	48	100	1	1	3	100	90
2113	34.001	50	11	1	1	3	100	90
2114	68.001	54	3	100	100	7	100	468
2147	10.001	38	12	1	7	26	100	567
2115	68.001	10	100	100	100	19	100	352
2149	2.032	16	1	1	100	2	100	442
2116	68.001	25	3	100	100	1	100	239
2152	14.001	130	1	100	100	2	100	520
2117	68.001	88	100	100	100	19	100	2117
4525	43.002	122	100	1	7	6	100	1340
2118	68.001	203	14	100	100	2	100	3597
2153	124.001	33	9	1	2	5	100	348
2119	19.001	89	13	1	7	20	39	268
2155	2.002	290	14	1	100	1	100	2036
2120	22.001	15	3	100	43	1	100	3111
2156	2.002	19	46	100	1	18	100	2209
2121	43.002	206	100	1	7	6	100	1340
2158	2.001	24	44	100	100	2	100	55
2122	9.001	10	14	100	100	19	10	2033
2159	19.001	10	19	100	7	15	100	455
2123	9.001	14	100	100	100	1	100	1645
2179	13.001	19	8	1	1	9	31	38
2181	34.001	19	8	1	1	1	100	194
2182	14.001	10	14	100	100	1	37	42
2184	2.001	39	11	100	7	10	100	168
2192	2.001	9	8	100	100	1	100	63
2194	2.001	9	44	100	100	1	2	439
2195	2.002	123	14	100	100	17	100	3597
2207	34.007	40	100	100	7	100	100	1124
2234	100.014	18	100	1	7	81	100	1632
2235	140.001	277	13	100	1	88	100	4735
2353	18.001	47	14	1	7	21	6	1111
2354	21.001	22	11	1	1	52	100	5063
2355	19.010	47	13	1	7	21	100	2351
2356	21.001	47	12	1	7	21	100	221
2482	18.001	307	8	1	1	3	100	127
2483	10.003	312	12	1	7	21	100	1464
2485	13.002	47	11	1	7	21	100	2351
2486	2.002	40	100	100	1	34	40	2480
2488	13.001	318	17	1	7	8	100	Ungroupable
2489	21.001	1	10	1	7	34	100	1118
2491	21.001	19	12	1	1	31	100	1142
2492	43.001	1	52	1	7	110	100	3293
2493	13.001	19	55	1	7	116	100	2530
2498	103.001	1	52	1	1	117	100	1463
2499	10.003	22	4	1	1	52	100	2499
2500	13.001	22	8	1	34	52	100	2473
2501	103.002	1	11	1	7	3	100	2431
2502	2.002	319	8	1	7	3	1	73
2503	22.001	1	8	1	1	3	100	127
2504	5.002	1	54	1	7	3	100	199
2505	21.001	309	4	1	7	8	100	1144
2506	5.002	1	21	1	7	47	100	199
2507	13.002	19	12	1	7	3	100	1696
2508	21.001	1	12	1	34	93	100	1687
2509	13.002	19	12	1	7	93	100	1707
2510	13.001	25	8	1	7	6	100	497
2511	43.002	122	100	100	7	3	100	1340
2512	109.001	267	8	1	7	3	100	199
2513	13.001	264	3	1	1	9	100	38
2514	14.001	82	100	100	100	7	100	352
2515	14.001	139	13	100	7	98	100	1662
2516	19.001	265	14	1	7	55	100	1223
2517	19.001	261	11	1	7	1	100	1560
2518	2.001	19	3	1	1	3	100	264
2519	2.001	269	1	100	100	2	100	55
2520	2.001	266	13	100	1	22	100	3574
2521	2.002	40	100	100	7	55	6	427
2522	2.002	124	3	100	7	4	6	1661
2523	2.002	54	14	1	5	2	100	3597
2524	22.001	263	100	100	100	7	100	2028
2525	22.001	268	1	100	100	2	100	190
2526	44.001	16	49	1	1	10	100	158
2527	93.002	15	1	100	100	7	100	178
2528	13.001	19	55	11	1	116	100	38
2529	21.001	1	55	10	7	3	100	1118
2530	13.001	19	55	1	1	116	100	38
2531	21.001	1	55	1	7	3	100	199
2532	2.002	22	11	1	7	3	100	73
6831	12.001	89	1	100	100	4	100	1139
2533	18.001	25	37	1	1	3	100	2257
2534	13.001	1	11	1	7	3	100	90
2535	10.001	33	12	1	7	5	100	348
2536	10.001	22	8	1	34	93	100	2473
2537	2.002	89	100	100	7	26	100	719
2538	2.002	124	100	100	7	4	6	427
2539	13.002	1	8	1	7	128	100	199
2540	13.002	1	12	1	7	128	100	1696
2541	13.001	1	9	1	7	22	42	2288
2542	10.003	315	8	1	7	21	100	221
2543	9.001	192	8	1	7	35	100	4103
2544	18.001	19	11	1	7	3	41	1695
2545	34.020	64	100	1	1	3	100	267
2546	14.001	320	3	100	100	2	100	520
2547	34.021	1	11	1	1	3	100	90
2548	22.008	25	100	100	100	1	100	190
2549	5.002	1	17	1	1	3	100	127
2550	11.001	25	21	1	100	2	100	142
2551	5.002	22	24	1	1	3	100	127
2552	5.002	69	21	1	1	3	100	127
2553	15.001	60	21	100	100	2	100	1400
2554	10.001	19	17	1	5	2	100	15
2555	74.001	3	1	100	100	2	100	307
2556	100.002	161	3	100	13	2	100	Ungroupable
2557	100.003	80	100	100	100	1	100	20
2558	22.001	19	31	1	100	2	15	1115
2559	9.001	10	13	1	7	7	100	1586
2560	14.001	99	14	100	100	7	100	352
2561	9.001	10	100	1	7	22	100	1054
2562	14.001	102	100	1	1	49	100	1054
2563	2.002	2	17	1	1	3	100	401
2564	5.002	2	21	1	1	3	100	127
2565	2.001	9	17	100	100	100	100	63
2566	13.002	1	4	1	7	15	2	929
2567	12.002	1	8	1	1	3	100	127
2568	19.001	38	41	1	7	20	100	1096
2569	19.001	120	12	1	7	43	100	3311
2571	44.001	16	10	1	18	10	100	158
2572	2.001	121	13	1	7	3	100	517
2573	2.001	25	42	100	19	100	1	Ungroupable
2574	10.001	19	8	3	2	5	100	348
2575	1.006	18	100	100	100	2	100	1958
2576	43.002	122	12	100	7	6	100	1340
2577	14.001	54	100	100	100	2	100	1958
2578	5.002	1	8	1	7	25	100	199
2579	2.002	54	1	100	1	4	100	5817
2580	9.001	25	100	100	100	2	100	190
2581	2.002	47	12	1	7	17	100	433
2582	2.002	225	14	100	1	4	100	577
2583	12.004	1	3	1	1	3	100	127
2584	34.001	1	11	9	1	3	100	90
2585	2.008	131	12	100	2	51	100	2599
2586	14.001	5	13	100	100	7	100	352
2587	15.001	60	13	100	100	2	100	1400
2588	14.001	10	100	1	7	26	100	455
2589	2.024	133	3	1	7	48	100	1839
2590	2.002	1	100	1	7	6	100	2973
2591	100.007	18	14	100	100	1	8	17
2593	2.002	40	14	100	7	4	100	427
2594	2.002	42	100	2	10	2	100	1958
2596	2.002	40	11	100	7	4	2	427
2597	2.001	154	3	100	1	22	100	4825
2598	19.001	1	12	1	7	55	100	247
2599	2.008	131	13	1	2	51	100	2599
2600	19.001	25	1	1	7	51	100	1359
2601	19.001	40	13	100	7	4	100	426
2602	44.001	155	10	1	1	10	100	158
2603	2.014	156	13	1	7	20	100	1595
2604	19.001	10	100	100	1	59	100	1271
2605	9.001	5	1	100	100	100	100	63
2606	9.001	157	10	1	1	60	100	Ungroupable
2607	34.001	158	11	1	1	3	2	90
2608	14.001	10	19	10	100	7	100	352
2609	14.001	9	3	100	100	2	100	520
2610	2.002	89	11	100	7	4	100	719
2611	5.002	122	14	3	7	3	100	1387
2612	2.002	89	44	100	7	4	100	719
2613	2.002	57	100	100	7	6	100	1340
2614	2.002	40	100	100	1	20	100	427
2615	70.001	10	13	100	100	1	100	42
2617	43.002	122	44	100	7	6	100	1340
2618	14.001	240	100	100	7	3	100	6761
2619	43.002	38	13	100	7	26	100	2069
2620	2.001	9	3	100	100	1	100	301
2621	3.001	40	13	100	7	4	100	426
2622	5.002	226	100	1	1	3	100	127
2623	14.001	35	100	1	100	1	100	4386
2624	2.001	227	4	1	100	1	100	2047
2625	3.004	88	8	100	100	19	100	2117
2626	2.002	201	8	100	1	4	100	1771
2627	2.006	1	100	100	100	19	100	2724
2628	2.001	27	44	100	100	100	2	58
2629	14.001	69	14	100	100	1	6	1458
2630	2.002	201	100	100	1	4	100	1627
2631	12.001	35	100	1	100	7	100	311
2632	2.001	50	12	1	100	1	100	2047
2633	12.001	1	13	1	1	20	100	26
2634	3.004	88	8	100	100	1	100	Ungroupable
2635	103.002	38	13	1	7	15	100	309
2636	22.001	15	3	1	100	1	100	3111
2637	19.001	228	12	1	7	15	100	309
2638	2.002	54	13	1	7	1	100	2088
2639	14.001	296	3	100	7	20	2	217
2640	19.001	261	13	1	7	1	100	1096
2641	2.002	15	44	100	100	7	100	2041
2642	2.002	10	54	100	7	18	100	Ungroupable
2643	22.001	19	31	1	100	2	100	1115
2644	81.001	3	44	100	100	2	100	307
2645	15.001	60	100	2	100	2	100	1400
2646	19.001	47	12	1	7	26	100	567
2647	2.002	216	11	100	7	4	2	4512
2648	19.001	38	44	1	7	26	100	567
2649	2.002	225	14	100	1	3	100	625
2650	2.002	105	44	100	100	2	100	1958
2651	2.002	40	13	2	7	4	100	426
2652	14.001	130	3	2	100	2	100	520
2653	2.001	1	44	3	100	2	100	442
2654	5.002	10	3	1	1	3	100	127
2655	93.001	25	3	100	100	100	100	301
2656	2.002	40	44	1	7	4	100	426
2657	2.002	1	1	1	100	2	100	442
2658	15.001	3	44	100	100	56	100	1995
2659	19.001	38	12	1	15	26	100	567
2660	14.001	10	14	100	7	22	100	1362
2661	14.001	57	13	100	1	2	100	3442
2662	18.001	1	12	1	7	15	2	7044
2663	34.001	1	11	1	1	66	100	90
2664	19.001	54	3	100	100	1	100	1645
2665	9.001	229	19	1	1	22	100	1623
2666	9.001	10	13	1	7	49	100	1586
2667	22.001	18	100	1	1	49	100	1054
2668	19.001	54	100	100	1	49	100	559
2669	14.001	230	100	1	1	49	100	1054
2670	2.002	54	13	100	7	18	100	426
2671	22.001	36	5	1	100	1	100	Ungroupable
2672	34.001	19	11	1	5	2	100	15
2673	22.001	10	100	100	100	7	100	352
2674	19.001	10	3	100	5	7	100	468
2675	14.001	10	3	100	3	2	100	520
2676	100.001	33	16	1	2	5	100	348
2677	10.001	25	8	1	2	3	100	348
2678	10.001	1	100	1	2	5	100	348
2679	2.002	33	11	1	2	5	100	348
2680	5.002	1	100	1	1	5	37	267
2681	10.001	232	11	1	1	3	100	90
2682	10.001	267	11	1	1	3	100	90
2683	101.001	25	8	1	1	4	100	1229
2684	10.001	18	16	1	1	3	100	22
2685	10.001	33	8	1	2	3	100	348
2686	10.001	1	8	1	1	3	2	127
2687	10.001	1	100	1	1	3	100	90
2688	5.002	54	13	1	7	3	100	199
2689	72.001	1	11	1	1	23	100	90
2690	10.001	1	8	1	1	3	6	127
2691	10.001	25	11	1	2	5	100	348
2692	71.001	1	17	1	1	3	100	127
2693	101.001	25	100	1	2	5	100	1236
2694	10.001	1	8	1	1	4	100	127
2695	5.002	1	11	1	23	5	100	124
2696	5.002	1	100	1	23	3	100	127
2697	10.001	232	26	1	1	3	100	319
2698	10.001	1	11	1	1	47	100	90
2699	2.002	304	14	100	1	18	100	1320
2700	2.002	1	9	1	1	3	100	127
2701	2.001	1	100	1	3	37	100	Ungroupable
2702	43.001	1	8	1	3	37	100	514
2703	2.001	1	8	1	3	37	100	Ungroupable
2704	2.033	123	14	1	100	100	100	754
2705	34.001	174	100	100	7	20	100	7319
2706	2.001	40	1	100	100	100	100	63
2707	2.001	40	44	100	100	100	100	63
2708	3.001	222	14	1	7	3	100	1387
2709	5.002	122	54	1	7	3	100	1387
2710	2.002	14	100	100	100	115	100	Ungroupable
2711	2.001	18	19	100	1	59	100	Ungroupable
2712	2.001	1	14	1	100	2	100	442
2713	43.002	89	4	100	7	2	100	Ungroupable
2714	2.022	19	100	1	25	3	100	73
2715	2.001	39	44	100	7	4	100	168
2716	2.006	168	44	1	7	1	100	Ungroupable
2717	9.001	10	13	1	1	22	100	958
2718	19.001	19	14	100	7	3	100	2718
2719	19.001	47	3	100	1	17	100	Ungroupable
6832	12.001	22	1	1	34	93	100	2473
2721	9.001	1	1	100	1	22	100	958
2722	14.002	29	44	100	100	7	7	524
2723	14.001	54	14	100	1	22	100	1362
2724	2.002	1	100	100	100	2	100	1958
2725	2.002	50	44	100	100	7	2	Ungroupable
2726	2.002	10	13	100	1	26	100	1771
2727	5.002	122	44	1	7	3	100	1387
2728	2.002	50	1	100	100	7	2	Ungroupable
2729	19.001	163	12	100	7	20	100	7319
2730	5.002	122	8	1	7	15	100	199
2731	2.001	39	44	100	100	100	100	63
2732	5.002	54	14	1	7	3	100	1387
2733	2.008	131	44	100	2	51	100	1353
2734	2.001	9	44	100	1	4	100	65
2735	13.001	172	8	1	1	9	100	38
2736	17.001	16	12	1	7	23	100	3800
2737	18.001	1	52	1	7	3	100	199
2738	7.001	1	11	1	7	22	100	2288
2739	43.004	25	13	1	2	10	1	2467
2740	18.001	36	37	1	2	24	100	501
2741	44.001	16	8	1	1	10	100	158
2742	10.001	19	17	1	2	5	100	348
2743	43.002	19	12	1	7	3	1	2753
2744	2.002	19	12	1	7	8	100	73
2745	18.001	36	8	1	2	1	100	501
2747	22.001	16	8	1	7	3	100	73
2748	43.002	19	4	1	2	3	100	2457
2749	9.001	19	8	1	7	3	100	73
2750	9.001	19	8	1	7	4	100	73
2751	12.001	1	12	1	1	23	100	26
2752	13.001	19	8	1	1	10	100	38
2753	43.002	1	12	1	7	3	100	199
2754	13.002	1	4	1	7	3	100	199
2755	43.004	47	13	1	7	21	100	2351
2756	21.001	19	7	1	7	3	100	199
2757	2.002	36	8	1	7	39	2	Ungroupable
2758	21.001	36	12	1	7	8	100	1142
2759	43.002	16	11	1	7	41	100	Ungroupable
2760	22.001	16	10	1	7	3	100	Ungroupable
2761	13.001	19	8	1	1	100	100	38
2762	13.001	47	13	1	7	21	100	2351
2763	13.002	47	13	1	7	21	100	2351
2764	43.002	1	8	1	1	1	100	37
2765	13.001	1	11	1	1	22	100	90
2766	43.002	1	8	1	7	8	100	199
2767	43.004	25	13	1	2	3	100	2467
2768	13.002	19	13	1	21	3	100	2433
2769	13.002	16	8	1	7	3	100	199
2770	43.002	19	11	1	2	3	100	5078
2771	21.001	16	8	1	7	3	100	199
2772	13.001	19	4	1	1	31	100	38
2773	13.001	16	13	1	7	3	100	1179
2774	9.001	19	12	1	7	9	100	1216
2775	12.001	19	8	1	7	3	100	73
2776	44.001	22	8	1	1	10	100	158
2777	18.001	192	8	1	1	3	2	2778
2778	18.001	1	8	1	1	3	100	127
2779	13.001	36	8	1	1	1	100	37
2780	43.002	1	13	1	7	62	100	345
2781	5.002	22	13	1	1	100	100	4392
2782	2.002	274	100	100	1	4	100	719
2783	18.001	16	4	1	7	15	100	1102
2784	43.001	1	4	1	7	6	100	514
2785	13.001	1	14	1	1	3	100	90
2786	2.001	1	11	1	1	22	2	7109
2787	43.002	1	10	1	7	3	100	199
2788	9.001	22	8	1	7	4	100	Ungroupable
2789	19.001	47	13	1	21	21	100	2351
2790	13.001	1	21	1	7	3	100	199
2791	43.002	19	13	1	7	3	100	345
2792	18.001	1	8	1	1	22	100	127
2793	13.002	1	8	1	21	3	100	199
2794	13.001	19	8	1	1	8	100	38
2795	18.001	59	11	1	7	3	100	428
2796	86.001	1	12	1	1	3	2	477
2797	21.001	1	52	1	7	2	100	1118
2798	12.001	19	8	1	1	9	100	38
2799	22.001	1	11	1	7	2	100	3129
2800	13.001	19	8	1	1	9	1	38
2801	18.001	59	100	1	21	3	100	458
2802	21.001	25	12	1	7	3	100	1118
2803	19.001	47	12	1	7	21	100	2351
2804	103.002	47	13	1	7	21	100	2351
2805	13.001	19	11	1	7	9	100	38
2806	43.001	16	12	1	7	3	100	1143
2807	13.001	19	100	1	1	22	100	38
2808	21.001	16	12	1	7	6	100	2336
2809	2.001	1	11	1	7	22	100	2288
2810	19.001	47	11	1	7	21	100	2351
2811	10.003	19	8	1	7	9	100	38
2812	5.002	1	8	1	1	121	100	127
2813	5.002	1	8	1	1	121	1	127
2814	22.001	19	8	1	7	3	100	73
2815	2.002	19	23	1	7	3	1	73
2816	2.008	161	14	1	7	3	100	1387
2817	9.001	25	44	1	100	2	100	3043
2818	78.001	25	44	100	100	2	100	3043
2820	14.001	10	44	100	100	1	100	42
2821	12.001	9	1	100	100	1	100	63
2823	100.006	123	100	100	100	2	100	Ungroupable
2824	34.001	42	100	100	10	2	100	1958
2825	34.006	40	11	100	7	4	100	1124
2826	19.001	161	14	100	100	7	100	1401
2827	1.001	10	44	100	100	7	100	352
2828	2.002	59	14	100	100	7	100	1128
2829	43.002	38	8	1	7	26	100	567
2830	2.001	1	44	100	100	100	100	63
2831	2.002	14	14	100	100	100	100	1888
2832	12.004	1	44	1	1	3	100	127
2833	12.001	9	44	100	100	1	100	439
2834	2.002	150	100	100	100	7	100	2041
2835	22.001	127	1	100	100	7	100	390
2836	19.001	18	100	100	100	100	100	1645
2837	43.002	206	3	1	7	6	100	2875
2838	2.002	10	1	100	100	7	100	352
2839	19.001	14	100	100	100	100	100	1645
2840	1.001	10	1	100	100	7	100	352
2841	2.002	25	44	100	100	2	100	1958
2842	2.002	105	3	100	100	2	100	1958
2843	43.002	122	8	100	7	6	100	1340
2844	22.001	25	44	100	100	7	100	190
2846	34.001	1	44	1	1	3	100	90
2847	14.001	5	44	100	100	7	100	352
2848	19.001	38	8	1	7	26	100	567
2849	19.001	14	14	100	100	100	100	2146
2850	12.005	1	44	1	1	3	100	127
2851	19.001	38	44	1	7	15	100	309
2852	5.002	1	44	1	1	23	100	127
2853	44.001	16	44	1	1	10	100	158
2854	1.001	162	44	100	100	1	100	20
2855	80.001	9	44	100	100	100	100	63
2856	22.001	25	44	100	100	1	100	190
2857	1.001	5	44	100	100	1	100	20
2858	2.001	9	44	1	100	100	100	63
2859	13.001	19	44	1	1	9	100	38
2860	14.001	11	54	100	100	2	100	207
2861	2.001	170	44	1	100	1	100	2047
2862	2.001	9	44	100	100	100	2	63
2863	4.001	25	4	1	5	2	100	6234
2864	47.001	25	44	100	100	100	2	1038
2865	2.001	27	44	100	100	100	100	63
2866	5.002	1	11	1	1	3	12	127
2867	5.002	1	44	1	1	3	100	127
2868	5.002	1	44	1	1	3	2	127
2869	15.002	25	44	1	100	2	2	47
2870	2.011	82	14	100	22	2	100	Ungroupable
2871	2.002	174	3	100	7	4	100	719
2872	5.002	38	10	1	1	3	2	404
2873	2.008	54	100	100	100	1	100	1645
2874	2.001	169	3	1	100	7	100	2889
2876	9.001	1	20	1	1	3	100	127
2877	14.001	130	100	100	100	2	100	520
6833	12.001	89	100	100	7	4	100	719
2880	10.001	38	100	1	7	26	100	309
2881	2.001	122	100	1	7	6	100	1340
2882	13.001	122	100	100	7	6	100	1340
2883	5.002	1	14	1	7	3	100	199
2884	2.001	39	11	100	1	3	100	168
2885	2.001	39	3	100	100	100	100	213
2887	14.001	18	3	100	1	18	100	6839
2888	2.002	245	8	100	2	26	100	Ungroupable
2889	2.001	1	3	1	100	2	100	442
2890	15.001	19	8	1	1	9	100	38
2891	5.002	58	3	1	1	3	100	127
2892	19.001	25	100	1	7	43	100	309
2893	2.002	245	3	100	2	26	100	5110
2894	93.001	25	44	100	100	100	2	2655
2895	86.001	16	11	1	7	6	100	2336
2896	34.001	19	8	1	7	9	100	38
2897	34.001	1	14	1	1	1	2	1460
2898	3.001	40	11	100	7	4	100	1124
2899	2.001	39	11	100	7	4	5	168
2900	2.017	1	1	1	100	2	100	442
2901	2.001	39	1	100	7	18	100	168
2902	2.001	39	1	100	7	2	100	168
2903	1.001	5	100	100	100	1	12	20
2904	1.001	25	100	100	100	2	100	190
2905	1.008	137	100	100	100	1	100	20
2906	2.001	39	1	100	100	100	1	63
2907	2.001	183	1	100	100	100	2	63
2908	2.001	39	11	100	7	4	8	168
2909	2.001	9	1	100	100	100	12	63
2910	2.001	9	13	100	100	100	12	63
2911	2.001	5	100	100	100	100	12	845
2912	2.001	19	13	1	7	22	22	Ungroupable
2913	2.001	9	3	2	100	1	100	301
2914	2.001	9	14	100	100	1	100	63
2915	2.001	18	100	100	100	1	100	1645
2916	2.001	1	1	1	1	2	100	442
2917	2.001	1	10	1	1	2	100	442
2918	2.001	24	1	1	100	2	100	442
2919	2.001	25	1	1	100	2	100	442
2920	2.001	69	1	1	100	2	100	442
2921	2.001	39	1	100	100	2	100	63
2922	2.001	40	1	100	100	2	100	63
2923	2.001	1	3	100	100	2	100	442
2924	2.001	9	3	100	100	2	100	301
2925	2.001	39	3	100	100	2	100	213
2926	2.001	24	6	100	100	2	100	55
2927	2.001	105	13	100	100	2	100	55
2928	2.001	9	100	100	100	2	100	845
2929	2.001	16	100	100	100	2	100	1958
2930	2.001	24	100	100	100	2	100	55
2931	2.001	1	17	1	1	3	100	127
2932	2.001	39	3	100	1	3	100	5832
2933	2.001	40	3	100	7	3	100	436
2934	2.001	39	11	100	7	3	100	168
2935	2.001	9	1	100	100	3	100	63
2936	2.001	40	13	100	7	4	100	426
2937	2.001	122	1	1	7	6	100	1615
2938	2.001	18	1	100	7	100	100	63
2939	2.001	39	1	100	7	100	100	63
2940	2.001	9	100	100	7	100	100	845
2941	2.001	9	3	100	22	100	100	301
2942	2.001	10	100	100	22	100	100	845
2943	2.001	1	1	1	100	100	100	442
2944	2.001	39	11	1	100	100	100	213
2945	2.001	9	100	2	100	100	100	845
2946	2.001	11	1	100	100	100	100	63
2947	2.001	15	1	100	100	100	100	63
2948	2.001	29	1	100	100	100	100	63
2949	2.001	105	1	100	100	100	100	63
2950	2.001	58	3	100	100	100	100	63
2951	2.001	9	6	100	100	100	100	63
2952	2.001	39	6	100	100	100	100	63
2953	2.001	39	8	100	100	100	100	63
2954	2.001	39	10	100	100	100	100	63
2955	2.001	9	12	100	100	100	100	63
2956	2.001	18	13	100	100	100	100	63
2957	2.001	29	13	100	100	100	100	63
2958	2.001	39	13	100	100	100	100	63
2959	2.001	39	19	100	100	100	100	63
2960	2.001	39	24	100	100	100	100	63
2961	2.001	39	26	100	100	100	100	63
2962	2.001	10	100	100	100	100	100	845
2963	2.001	183	100	100	100	100	100	845
2964	2.002	1	3	1	1	3	2	264
2965	2.002	105	3	100	100	1	100	5513
2966	2.002	25	5	100	100	1	100	6214
2967	2.002	25	14	100	100	1	100	1458
2968	2.002	25	100	100	100	1	100	1958
2969	2.002	40	1	100	7	2	100	427
2970	2.002	40	13	100	7	2	100	426
2971	2.002	40	100	100	7	2	100	427
2972	2.002	57	3	1	100	2	100	2657
2973	2.002	1	100	1	100	2	100	442
2974	2.002	11	1	100	100	2	100	1958
2975	2.002	24	1	100	100	2	100	55
2976	2.002	105	1	100	100	2	100	1958
2977	2.002	11	3	100	100	2	100	1958
2978	2.002	105	5	100	100	2	100	1958
2979	2.002	18	6	100	100	2	100	1958
2980	2.002	18	14	100	100	2	100	1958
2981	2.002	122	1	1	7	3	100	1615
2982	2.002	40	3	1	7	3	100	2148
2983	2.002	261	13	1	7	3	100	470
2984	2.002	47	14	1	7	3	100	73
2985	2.002	105	1	100	7	3	100	436
2986	2.002	9	100	100	7	3	100	436
2987	2.002	19	100	100	7	3	100	436
2988	2.002	105	100	100	100	3	100	1958
2989	2.002	40	1	100	1	4	100	427
2990	2.002	40	8	1	7	4	100	427
2991	2.002	40	13	1	7	4	100	426
2992	2.002	5	13	100	7	4	100	426
2993	2.002	40	17	100	7	4	100	427
2994	2.002	105	1	100	100	4	100	5513
2995	2.002	40	3	100	100	4	100	427
2996	2.002	89	8	100	100	4	100	719
2997	2.002	89	100	100	100	4	100	719
2998	2.002	19	1	1	1	9	100	38
2999	2.002	54	14	100	1	59	100	577
3000	2.002	9	13	100	100	100	100	63
3001	2.002	18	13	100	100	100	100	467
3002	2.017	1	100	1	100	2	100	3035
3003	2.019	40	1	100	7	4	100	1124
3004	5.002	122	13	1	7	3	2	1387
3005	5.002	122	1	1	7	2	100	1615
3006	5.002	38	1	1	1	3	100	127
3007	5.002	58	1	1	1	3	100	127
3008	5.002	15	6	1	1	3	100	127
3009	5.002	38	8	1	1	3	100	127
3010	5.002	38	12	1	1	3	100	127
3011	5.002	38	13	1	1	3	100	127
3012	5.002	5	17	1	1	3	100	127
3013	5.002	38	100	1	1	3	100	127
3014	5.002	58	100	1	1	3	100	127
3015	5.002	19	3	1	7	3	100	2148
3016	5.002	57	14	1	7	3	100	1387
3017	5.002	105	14	1	7	3	100	1387
3018	5.002	122	100	1	7	3	100	1387
3019	5.002	122	14	100	7	3	100	1387
3020	5.002	1	1	1	100	3	100	127
3021	5.002	122	1	1	100	3	100	1615
3022	5.002	1	3	1	100	3	100	127
3023	5.002	1	14	1	100	3	100	199
3024	5.002	1	17	1	100	3	100	127
3025	5.002	1	24	1	100	3	100	151
3026	5.002	1	35	1	100	3	100	127
3027	9.001	1	12	1	100	2	2	3035
3028	9.001	1	8	1	100	2	6	3035
3029	9.001	105	3	1	6	2	100	395
3030	9.001	105	17	1	6	2	100	687
3031	9.001	105	100	1	6	2	100	137
3032	9.001	1	3	1	7	2	100	3035
3033	9.001	105	5	100	7	2	100	1845
3034	9.001	105	3	100	22	2	100	1845
3035	9.001	1	1	1	100	2	100	442
3036	9.001	25	4	1	100	2	100	3035
3037	9.001	105	14	1	100	2	100	3035
3038	9.001	105	16	1	100	2	100	137
3039	9.001	18	31	1	100	2	100	3035
3040	9.001	10	100	1	100	2	100	3035
3041	9.001	15	100	1	100	2	100	3035
3042	9.001	21	1	100	100	2	100	3043
3043	9.001	25	1	100	100	2	100	190
3044	9.001	82	1	100	100	2	100	3043
3045	9.001	21	3	100	100	2	100	1845
3046	9.001	105	6	100	100	2	100	3043
3047	9.001	25	8	100	100	2	100	3043
3048	9.001	105	13	100	100	2	100	3043
3049	9.001	11	100	100	100	2	100	1958
3050	9.001	15	100	100	100	2	100	190
3051	9.001	21	100	100	100	2	100	190
3052	9.001	105	3	1	100	7	100	395
3053	9.001	105	100	100	100	7	100	5513
3054	9.001	9	1	100	1	100	100	63
3055	9.001	39	6	100	100	100	100	213
3056	9.001	9	100	100	100	100	100	845
3057	9.004	58	12	100	100	2	100	Ungroupable
3058	11.001	5	100	100	100	2	100	1400
3059	11.001	25	100	100	100	2	100	190
3060	12.007	9	1	100	100	100	100	63
3061	12.007	9	11	100	100	100	100	63
3062	13.001	19	100	1	1	3	100	38
3063	13.001	130	3	1	1	9	100	38
3064	13.001	19	10	1	1	9	100	38
3065	13.001	1	1	1	7	9	100	1179
3066	13.001	19	3	1	100	9	100	38
3067	14.001	130	3	100	7	2	100	520
3068	14.001	10	3	1	100	2	100	42
3069	14.001	122	3	1	100	2	100	432
3070	14.001	1	10	1	100	2	100	442
3071	14.001	1	1	100	100	2	100	442
3072	14.001	1	3	100	100	2	100	520
3073	14.001	130	6	100	100	2	100	520
3074	14.001	130	8	100	100	2	100	520
3075	14.001	130	13	100	100	2	100	520
3076	14.001	1	100	100	100	2	100	352
3077	14.001	2	100	1	1	3	100	267
3078	14.001	10	13	100	2	4	100	5508
3079	14.001	1	1	1	100	7	100	442
3080	14.001	29	14	100	100	7	100	178
3081	14.001	11	100	100	100	7	100	352
3082	14.001	19	8	1	100	9	100	38
3083	15.001	1	3	1	100	2	100	3035
3084	15.001	1	8	1	100	2	100	3035
3085	15.001	1	100	1	100	2	100	3035
3086	15.001	5	3	100	100	2	100	1400
3087	15.001	18	100	100	100	2	100	1958
3088	17.001	122	1	1	7	3	100	1615
3089	17.001	122	14	1	7	3	100	1387
3090	18.001	36	10	1	2	24	2	501
3091	18.001	36	11	1	2	24	2	501
3092	18.001	36	100	1	2	24	2	501
3093	18.001	161	8	1	2	24	100	501
3094	19.001	38	1	1	7	2	100	309
3095	19.001	11	1	100	100	2	100	207
3096	19.001	11	100	100	100	2	100	1958
3097	19.001	15	100	100	100	2	100	190
3098	19.001	39	1	1	7	3	100	1615
3099	19.001	38	13	1	7	3	100	309
3100	19.001	38	100	1	7	3	100	309
3101	19.001	24	1	1	7	15	100	309
3102	19.001	16	10	1	7	15	100	309
3103	19.001	24	100	3	7	15	100	309
3104	19.001	47	4	1	21	21	100	2351
3105	19.001	38	37	1	7	26	100	567
3106	19.001	5	13	1	7	43	100	2057
3107	22.001	25	100	100	1	1	100	190
3108	22.001	25	1	100	22	1	100	239
3109	22.001	5	1	100	100	1	100	239
3110	22.001	9	1	100	100	1	100	63
3111	22.001	25	3	100	100	1	100	190
3112	22.001	5	100	100	100	1	100	20
3113	22.001	161	100	100	22	2	100	190
3114	22.001	19	1	1	100	2	100	1115
3115	22.001	19	2	1	100	2	100	1115
3116	22.001	19	3	1	100	2	100	1115
3117	22.001	19	4	1	100	2	100	1115
3118	22.001	9	1	100	100	2	100	190
3119	22.001	11	1	100	100	2	100	190
3120	22.001	21	1	100	100	2	100	190
3121	22.001	161	1	100	100	2	100	190
3122	22.001	11	3	100	100	2	100	190
3123	22.001	161	3	100	100	2	100	190
3124	22.001	161	8	100	100	2	100	190
3125	22.001	11	35	100	100	2	100	190
3126	22.001	15	100	100	100	2	100	190
3127	22.001	161	100	100	100	2	100	190
3128	22.001	1	1	1	1	3	100	90
3129	22.001	1	11	1	1	3	100	90
3130	22.001	10	100	100	1	3	100	1271
3131	22.001	25	1	100	100	7	100	190
3132	22.001	25	3	100	100	7	100	239
3133	22.001	25	13	100	100	7	100	190
3134	22.001	15	1	100	100	57	100	84
3135	22.001	15	3	100	100	57	100	3111
3136	22.001	25	3	100	100	100	100	301
3137	22.010	35	100	1	100	7	100	311
3138	34.001	25	1	1	100	2	100	3043
3139	34.001	58	100	1	1	3	100	90
3140	34.001	130	1	100	1	3	100	1925
3141	34.001	130	100	100	1	3	100	1925
3142	34.002	19	8	1	7	9	100	38
3143	34.006	40	1	2	7	4	100	2206
3144	34.006	40	1	100	7	4	100	1124
3145	34.006	15	3	100	7	4	100	1938
3146	34.006	40	100	100	7	4	100	427
3147	34.006	36	3	1	7	6	100	2337
3148	34.015	89	13	100	7	4	100	719
3149	43.002	122	13	100	7	6	100	1340
3150	44.001	36	8	1	1	24	2	1489
3151	44.001	16	10	1	1	10	5	158
3152	44.001	122	14	1	7	3	100	1387
3153	44.001	16	10	1	1	4	100	158
3154	44.001	16	6	1	1	10	100	158
3155	44.001	16	13	1	1	10	100	158
3156	44.001	16	14	1	1	10	100	158
3157	44.001	16	35	1	1	10	100	158
3158	44.001	54	100	1	1	10	100	158
3159	44.001	16	10	1	100	10	100	158
3160	44.001	18	100	1	100	10	100	931
3161	44.001	16	1	1	1	45	100	158
3162	44.001	161	1	1	1	45	100	419
3163	45.001	8	3	1	6	1	100	3165
3164	45.001	8	1	100	6	1	100	3165
3165	45.001	8	3	100	6	1	100	3165
3166	45.001	15	100	100	6	1	100	3165
3167	45.001	11	100	100	100	2	100	1958
3168	45.001	15	3	100	6	7	100	3641
3169	45.001	11	100	100	6	7	100	3081
3170	45.001	9	1	100	100	100	100	63
3171	63.001	1	1	1	100	2	100	442
3172	63.001	9	1	100	100	100	100	63
3173	66.001	1	100	1	100	2	100	3035
3174	68.001	19	6	1	100	2	100	1115
3175	68.001	19	14	1	100	2	100	1115
3177	90.001	104	100	100	100	7	100	84
3178	14.001	57	100	100	1	22	100	1271
3179	14.001	10	14	1	1	111	100	3456
3181	14.001	76	100	1	7	49	100	Ungroupable
3182	22.001	10	100	100	1	22	100	1271
3183	2.002	10	13	100	1	22	100	1271
3184	2.002	10	14	100	7	22	100	1367
3185	2.002	10	13	100	7	22	100	426
3186	2.002	343	100	100	1	22	100	1271
3180	14.001	81	19	100	7	22	100	Ungroupable
3187	1.001	329	6	100	6	2	100	Ungroupable
3188	14.001	1	100	1	100	2	2	432
3189	2.001	351	1	100	100	1	100	63
3190	2.001	350	11	100	7	4	100	168
3191	2.001	50	8	1	100	1	2	Ungroupable
3192	2.001	39	11	100	7	100	100	168
3193	93.001	25	13	100	100	100	2	2655
3194	2.001	39	1	100	7	4	1	168
3195	93.001	25	11	100	100	100	2	2655
3196	14.001	348	1	100	7	20	100	801
3197	2.001	222	14	1	7	3	100	1387
3198	2.001	40	11	100	100	100	100	213
3199	174.001	25	1	100	100	100	1	810
3200	174.001	25	1	100	100	100	2	240
3201	89.001	19	8	1	100	1	2	104
3202	19.001	370	1	1	7	3	100	1869
3203	175.001	1	1	1	100	100	2	Ungroupable
3204	5.002	370	11	1	1	3	100	90
3205	2.002	371	8	100	49	7	100	Ungroupable
3206	10.001	89	4	1	1	4	100	Ungroupable
3207	150.001	33	100	1	1	5	100	1236
3208	150.001	33	100	1	45	5	100	1236
3209	150.001	33	100	1	2	5	100	348
3210	149.001	33	49	1	2	5	100	348
3211	150.001	33	11	1	2	5	100	348
3212	10.008	232	11	1	1	3	100	319
3213	101.001	25	11	1	2	4	100	1229
3214	150.001	231	11	1	2	5	100	487
3215	1.001	4	100	100	100	1	47	20
3216	10.001	1	8	1	1	47	2	22
3217	13.001	345	4	1	7	9	100	1151
3218	152.001	1	8	1	1	3	100	127
3219	34.001	1	11	1	1	3	31	90
3220	10.001	19	100	1	1	3	54	2687
3221	13.001	322	9	1	7	22	100	2288
3222	21.001	325	12	1	7	52	100	1687
3223	103.002	324	13	1	7	21	100	2351
3224	2.002	323	8	1	7	3	100	199
3225	18.001	326	14	1	7	21	100	1111
3226	18.001	327	8	1	2	24	100	501
3227	162.001	1	12	1	7	3	100	1143
3228	158.001	36	12	1	7	8	100	2758
3229	18.004	59	12	1	7	3	100	1143
3230	5.002	1	56	1	1	3	100	127
3231	5.002	19	56	1	1	3	100	127
3232	43.002	19	57	1	7	3	1	2457
3233	18.001	36	58	1	2	24	100	501
3234	170.001	19	56	1	1	3	100	2190
3235	43.002	1	59	1	7	2	100	345
3236	158.001	25	13	1	7	143	100	7306
3237	2.002	19	8	1	7	133	100	73
3238	21.004	1	8	1	1	134	100	127
3239	12.001	1	8	1	1	133	100	127
3240	13.001	25	8	1	7	134	100	497
3241	13.001	19	8	1	1	133	100	38
3242	2.002	1	8	1	7	135	1	3789
3243	11.002	1	8	1	7	122	100	199
3244	12.010	16	11	1	7	6	100	2336
3245	154.001	19	8	1	7	3	100	73
3246	154.001	36	4	1	1	3	100	260
3247	155.001	1	8	1	7	3	100	199
3248	156.001	25	4	100	100	2	100	190
4526	3.001	222	14	1	7	6	100	1493
3249	157.001	19	12	1	7	3	100	73
4527	34.001	1	1	1	7	3	100	199
4528	2.002	122	100	100	7	3	100	436
4529	34.007	40	13	100	7	4	100	126
4530	14.023	10	100	100	7	26	100	1367
4531	2.001	9	100	100	100	6	100	845
4545	5.002	39	14	1	7	3	100	1387
4546	19.001	261	13	1	7	178	100	3099
4547	1.001	514	100	100	100	1	100	20
4548	100.006	18	100	100	7	4	100	3333
4549	13.001	1	3	1	1	9	100	38
4550	19.001	88	14	1	7	15	100	309
4551	3.001	40	13	100	7	3	100	436
4552	15.001	509	100	100	100	2	100	1958
4553	3.001	222	1	1	7	3	100	1615
4554	1.001	516	100	100	100	1	100	20
4555	2.001	10	3	100	100	100	100	301
4556	2.001	9	1	100	100	1	52	63
4557	43.002	122	100	100	21	48	100	1340
4558	2.001	40	1	1	7	3	2	1869
4559	2.001	1	1	1	7	20	100	442
4560	2.001	9	3	100	14	100	100	301
4561	5.002	1	14	100	7	3	100	1387
4562	5.002	122	1	1	7	3	6	1615
4563	13.001	54	14	100	1	22	100	559
4564	14.002	5	1	100	100	7	100	178
4565	5.002	122	100	100	7	4	100	1124
4566	2.002	89	100	1	7	3	100	73
4567	2.002	1	14	100	1	3	100	625
4568	2.001	1	1	100	7	3	2	3420
4569	5.002	291	14	1	7	3	100	1387
4570	22.001	15	100	100	100	7	71	2028
4571	22.001	343	13	1	7	1	100	1560
4572	19.001	25	8	1	7	140	100	3311
4573	1.017	137	100	100	100	1	100	20
4574	13.001	19	3	1	7	24	100	1225
4575	15.001	49	100	100	7	20	100	7319
4576	2.001	122	14	1	7	3	100	1387
4577	14.001	512	13	100	100	7	100	352
4578	1.001	510	100	100	100	1	100	20
4624	67.001	9	1	1	7	3	100	1615
4625	2.001	25	11	100	7	3	100	168
4626	2.061	518	13	100	100	100	100	467
4627	14.002	15	1	100	100	7	75	1061
4636	2.002	40	3	100	7	20	100	427
4637	2.002	18	37	100	1	59	100	6919
4638	2.002	10	100	1	7	22	100	1367
4639	2.002	69	100	100	1	18	100	2209
4640	2.002	216	13	100	7	4	100	426
4641	19.001	368	3	100	7	20	100	1676
4642	19.001	40	3	100	1	20	100	7301
4643	19.001	54	11	1	7	26	100	1641
4644	19.006	18	100	1	7	26	100	1632
4645	2.002	89	13	100	7	26	100	719
4646	44.001	16	10	1	1	7	100	158
4647	186.001	1	1	1	100	163	100	442
4648	21.001	1	8	1	7	82	100	199
4649	13.002	1	8	1	7	82	100	1696
4650	14.002	29	1	1	100	7	6	1061
4651	76.004	520	62	100	60	112	76	Ungroupable
4652	34.001	1	14	100	1	3	100	90
4653	14.002	29	6	100	100	7	6	1061
4654	14.002	64	1	100	100	7	6	1061
4655	234.001	15	1	100	100	7	6	1061
4656	2.001	39	54	100	7	4	100	168
4657	14.001	10	3	100	1	1	100	42
4658	14.001	15	3	100	100	1	100	42
4659	14.002	442	1	100	100	7	6	1061
4660	14.002	15	3	100	100	7	6	1061
4661	34.001	10	11	1	1	3	100	90
4662	235.001	10	3	100	100	1	100	42
3250	162.001	1	8	1	7	3	100	199
3251	18.001	59	7	1	7	3	100	428
3252	18.001	89	12	1	7	3	100	428
3253	2.002	1	8	1	7	1	100	199
3254	2.002	19	8	100	5	1	100	Ungroupable
3255	2.042	19	8	1	7	3	1	73
3256	43.001	1	4	1	1	122	100	3292
3257	9.001	36	12	1	7	3	100	1143
3258	10.001	54	54	1	7	26	100	3348
3259	10.001	33	31	1	2	5	100	348
3260	10.001	33	55	1	2	5	100	348
3261	103.001	25	14	100	7	43	100	Ungroupable
3262	104.001	19	8	1	7	3	100	73
3263	104.001	22	8	1	7	3	100	73
3264	12.001	1	8	1	7	3	100	199
3265	12.001	36	8	1	1	3	100	127
3266	13.001	1	14	1	7	3	100	199
3267	13.001	1	14	1	1	68	100	3336
3268	13.001	22	4	1	1	9	100	38
3269	13.001	22	4	1	1	24	100	1151
3270	13.001	22	8	1	1	3	100	127
3271	13.001	19	12	1	7	3	100	1179
3272	13.002	1	9	1	7	22	100	1696
3273	18.001	19	100	1	7	2	100	458
3274	2.002	40	11	100	7	4	6	427
3275	18.001	22	17	1	1	22	100	Ungroupable
3276	18.001	25	8	1	7	43	100	428
3277	18.001	36	17	1	2	24	100	501
3278	18.001	38	13	1	7	20	100	1096
3279	18.001	59	100	1	7	6	100	458
3280	2.002	19	100	1	100	3	100	73
3281	18.001	59	13	1	7	3	100	428
3282	19.001	38	12	1	7	91	100	309
3283	2.002	1	12	1	15	23	100	5994
3284	2.002	225	8	100	7	4	100	427
3285	21.001	19	11	1	7	8	100	1157
3286	21.001	25	11	1	7	3	100	1118
3287	21.001	1	11	1	1	22	100	124
3288	21.001	19	24	100	1	18	100	2209
3289	21.001	19	21	1	7	3	100	1118
3290	21.002	1	4	1	7	141	100	3292
3291	34.001	38	12	1	7	26	100	567
3292	43.001	1	4	1	7	3	100	199
3293	43.001	1	13	1	7	3	100	199
3294	43.001	1	4	1	7	141	100	514
3295	43.001	1	12	1	7	48	100	1143
3296	43.001	1	52	1	7	15	100	3292
3297	43.001	19	8	1	7	3	100	199
3298	43.002	1	12	1	1	3	100	90
3299	7.001	19	8	1	7	3	100	73
3300	92.001	40	8	100	7	4	100	1124
3301	43.001	372	100	1	7	6	100	2784
3302	43.002	1	65	1	7	3	100	199
3303	10.009	33	21	1	2	5	100	348
3304	18.001	25	4	1	7	43	55	Ungroupable
3305	13.001	19	11	1	1	146	100	38
3306	18.001	19	100	1	7	145	100	1468
3307	15.001	376	1	100	100	2	100	307
3308	2.002	18	13	100	7	20	100	714
3309	2.002	19	44	1	1	9	100	38
3310	2.001	122	100	100	7	6	100	1340
3311	19.001	25	12	1	7	43	100	3311
3312	19.001	38	14	1	7	15	12	309
3313	34.001	69	11	1	1	3	100	90
3314	13.001	19	14	1	1	9	100	38
3315	18.001	307	44	1	1	3	100	2482
3316	14.001	9	44	100	100	100	100	63
3317	14.001	15	3	100	100	100	100	2482
3318	14.001	18	13	1	7	15	100	1632
3319	2.006	10	100	100	100	7	100	352
3320	44.001	142	100	1	1	10	100	158
3321	77.001	19	3	1	7	3	100	73
3322	92.001	40	21	100	7	4	100	5066
3323	2.041	89	44	100	7	4	100	719
4532	14.002	151	1	100	100	7	75	1061
3324	162.001	1	8	1	1	23	100	127
3325	43.004	375	13	1	2	10	1	2467
3326	5.009	1	12	1	1	3	100	127
3327	14.014	130	3	100	100	2	100	520
3328	176.001	9	1	100	100	7	100	1422
3329	22.014	15	100	100	100	7	100	352
3330	1.001	374	100	100	100	1	100	20
3331	44.001	373	10	1	1	10	100	158
3332	34.001	1	11	1	1	3	41	90
3333	166.001	40	100	100	7	4	100	427
3334	34.007	1	10	100	7	3	100	1660
3335	34.001	9	1	1	7	3	100	1615
3336	13.001	1	11	1	1	3	100	90
3337	34.001	9	14	100	7	3	100	3420
3338	2.002	42	11	100	10	2	2	231
3339	5.002	1	100	11	1	3	100	127
3340	2.022	161	4	1	25	10	100	5584
3341	100.001	61	100	100	11	2	26	Ungroupable
3342	19.001	54	100	1	7	26	43	1641
3343	5.002	38	3	1	1	39	100	264
3344	2.002	216	11	100	7	4	100	719
3345	34.001	40	8	100	1	34	100	2480
3346	21.001	1	54	1	7	47	100	1118
3347	14.001	22	3	100	100	7	100	352
3348	19.001	54	100	1	7	26	100	309
3349	10.001	33	100	1	2	5	2	348
3350	9.001	9	1	100	100	100	2	63
3351	12.002	1	12	1	7	3	100	1143
3352	2.001	1	13	100	1	10	100	4713
3353	2.001	380	13	100	1	10	100	4713
3354	2.002	10	13	100	100	100	100	2082
3355	2.002	16	13	1	7	64	100	5077
3356	2.002	100	100	100	7	22	100	1367
3357	12.001	35	12	1	100	7	100	311
3358	12.001	135	13	1	7	15	100	1096
3359	12.001	173	3	1	7	150	100	Ungroupable
3360	12.001	173	13	1	7	150	100	Ungroupable
3361	12.001	378	3	1	7	150	100	Ungroupable
3362	12.001	378	14	1	7	150	100	Ungroupable
3363	14.001	194	13	1	7	22	100	1586
3364	14.001	379	3	100	100	1	100	42
3365	14.001	379	3	100	47	1	100	42
3366	18.001	19	23	1	7	8	100	51
3367	19.001	10	13	1	1	49	100	1054
3368	19.001	18	14	1	7	151	100	1632
3369	19.001	135	100	1	7	3	100	309
3370	19.001	194	12	1	7	26	100	567
3371	19.014	89	23	100	7	8	100	719
3372	34.001	377	11	1	1	3	100	90
3373	2.001	54	13	100	1	22	22	3574
3374	2.001	54	100	100	1	22	22	3574
3375	19.013	48	100	1	7	15	100	309
3376	19.001	5	100	1	7	26	100	309
3377	2.001	54	1	100	1	22	100	3574
3378	2.001	10	100	100	1	1	100	1271
3379	19.001	38	13	1	7	7	100	309
3380	2.001	54	100	100	1	22	100	1271
3381	14.001	5	14	100	1	22	100	1362
3382	2.001	54	3	100	1	22	100	3574
3383	2.001	14	13	100	1	22	22	3574
3384	9.001	38	1	1	7	26	100	53
3385	12.007	54	1	100	1	22	22	3377
3386	19.001	54	1	1	7	26	100	53
3387	19.001	38	1	1	1	26	100	53
3388	2.002	40	12	100	7	4	100	427
3389	2.002	274	13	100	7	4	100	426
3390	2.001	9	1	100	1	3	100	3420
3391	2.001	40	1	100	7	4	100	1124
3392	19.001	47	13	1	7	2	100	2351
3393	19.001	38	14	100	7	26	100	1223
3394	2.001	38	14	100	1	22	100	4825
3395	19.001	38	12	100	7	26	100	567
3396	2.002	38	13	100	7	4	100	426
3397	14.001	5	100	100	7	7	100	352
3398	3.001	274	13	100	7	4	100	426
3399	19.001	38	12	1	7	1	100	309
3400	14.001	1	3	100	1	3	100	250
3401	19.001	38	3	1	7	26	100	567
3402	1.001	1	100	1	1	3	100	127
3403	19.001	47	1	1	7	17	100	433
3404	14.001	54	100	100	1	90	100	1362
3405	1.001	10	3	100	100	7	100	352
3406	19.001	254	100	1	7	89	100	309
3407	14.001	10	100	100	1	15	100	1271
3408	19.001	254	13	1	7	15	100	1096
3409	2.002	10	14	100	1	22	100	1271
3410	2.002	11	100	100	100	100	100	1958
3411	14.001	171	100	100	1	100	100	1362
3412	2.008	163	14	100	100	2	100	1749
3413	2.002	10	100	1	1	89	100	1771
3414	2.002	18	3	1	7	20	100	6884
3415	14.001	10	14	1	100	2	100	463
3416	14.001	5	14	100	100	100	100	212
3417	2.002	54	11	1	100	89	100	3468
3418	14.001	105	100	1	100	100	100	162
3419	34.001	381	1	100	7	3	100	1818
3420	2.001	9	1	100	7	3	100	1660
3421	34.001	291	1	100	7	3	100	3420
3422	178.001	222	14	1	7	3	100	1387
3423	5.002	1	10	1	1	3	2	127
3424	5.002	222	14	1	7	3	55	1387
3425	9.001	382	13	1	1	22	100	958
3426	9.001	383	13	1	1	22	100	958
3427	9.001	384	13	1	1	22	100	958
3428	9.001	385	13	1	1	22	100	958
3429	2.002	386	100	1	100	89	100	1654
3430	2.002	386	100	1	32	4	100	1627
3431	22.001	388	100	1	1	10	100	931
3432	14.001	10	19	100	100	2	100	352
3433	14.015	10	3	100	1	100	100	Ungroupable
3434	179.001	387	100	100	100	1	100	20
3435	19.001	254	13	1	7	20	100	1096
3436	14.001	105	3	100	100	100	100	2885
3437	14.001	10	100	100	100	18	100	352
3438	2.001	389	100	1	1	12	100	1962
3439	2.002	169	13	100	100	100	100	467
3440	14.001	18	12	10	100	7	100	3458
3441	14.001	5	3	1	1	22	100	4614
3442	2.001	57	13	100	1	22	100	3574
3443	19.001	163	14	1	7	15	100	309
3444	19.001	169	3	1	7	4	100	248
3445	19.001	10	19	1	7	15	100	309
3446	19.001	163	3	1	7	15	100	309
3447	22.001	10	100	1	7	15	100	309
3448	19.001	10	3	1	7	7	100	455
3449	14.001	10	3	10	100	7	100	352
3450	2.001	163	3	1	1	22	100	3461
3451	14.001	10	14	10	100	7	100	Ungroupable
3452	2.001	57	100	100	1	22	100	1271
3453	2.002	18	100	1	100	100	100	1958
3454	2.002	10	100	1	1	22	100	1271
3455	2.001	25	100	100	100	2	100	190
3456	14.001	10	100	1	1	49	100	1054
3457	19.001	163	100	1	7	15	100	309
3458	14.001	10	100	10	100	7	100	352
3459	19.001	16	3	1	7	8	100	Ungroupable
3460	2.001	10	100	1	100	2	100	442
3461	2.001	163	13	100	1	22	100	3574
3462	2.002	54	100	100	100	22	100	1958
3463	19.001	10	19	1	7	7	100	455
3464	14.001	10	3	1	100	7	100	352
3465	14.001	10	13	1	1	89	100	1603
3466	14.001	10	13	10	100	7	100	352
3467	14.001	57	13	10	100	7	100	289
3468	2.002	54	100	100	100	89	100	1958
3469	2.002	115	100	100	1	22	100	1271
3470	19.001	10	14	1	7	15	100	309
3471	14.001	25	13	100	100	100	100	240
3472	2.001	25	100	100	1	4	100	3472
3473	19.001	163	13	1	7	15	100	309
3474	19.001	10	3	1	7	100	100	455
3475	19.001	10	13	1	7	7	100	1586
3476	22.001	10	3	10	1	49	100	4718
3477	19.001	10	3	1	7	15	100	309
3478	14.001	163	3	100	100	2	100	520
3479	2.001	57	13	100	100	22	100	3574
3480	19.001	254	100	1	7	15	100	309
3481	14.001	10	100	1	100	7	12	352
3482	2.001	163	3	1	7	15	100	3446
3483	2.002	18	13	1	100	2	100	2657
3484	14.001	10	12	10	100	7	100	352
3485	19.001	383	100	1	7	15	100	309
3486	180.001	9	1	1	100	100	100	63
3487	68.001	25	100	8	100	27	100	1526
3488	68.001	25	100	1	100	2	100	137
3489	14.001	344	3	100	100	7	100	352
3490	1.001	224	100	100	100	2	100	1400
3491	151.001	54	100	1	1	18	100	Ungroupable
3492	2.001	64	3	1	2	10	100	Ungroupable
3493	19.001	47	67	1	7	78	100	1319
3494	5.002	10	14	100	7	3	100	1387
3495	2.002	89	14	100	1	4	100	719
3496	19.001	404	100	1	100	7	100	Ungroupable
3497	19.001	403	3	100	100	1	100	1645
3498	19.001	403	100	100	100	1	100	1645
3499	166.001	402	8	100	7	2	100	5947
3500	166.001	402	8	100	7	4	100	3333
3501	2.002	222	14	1	7	3	100	1387
3502	19.001	393	100	100	100	1	100	1645
3503	19.001	393	100	1	7	4	100	1632
3504	9.001	391	100	1	1	49	100	1054
3505	9.001	397	3	1	1	49	100	1054
3506	2.001	393	14	100	100	1	100	439
3507	2.001	395	13	100	1	22	100	3574
3508	2.001	390	13	100	1	22	100	3574
3509	2.001	396	14	1	1	22	100	6804
3510	14.001	398	3	100	100	2	100	520
3511	14.001	163	100	100	100	152	100	352
3512	2.002	392	100	100	100	89	100	1958
3513	22.001	400	100	1	1	49	100	1054
3514	19.001	394	14	1	7	15	100	309
3515	19.001	399	100	100	100	1	100	1645
3516	19.001	393	14	100	22	1	100	Ungroupable
3517	19.001	401	13	1	7	26	100	1096
3518	14.001	10	37	10	100	7	100	352
3519	19.001	254	14	1	7	15	100	309
3520	1.002	5	3	100	100	2	100	4959
3521	100.008	25	4	100	100	2	100	190
3522	60.001	288	8	1	7	53	2	Ungroupable
3523	60.001	1	48	1	7	3	100	1143
3524	34.001	405	3	100	7	20	100	5879
3525	10.001	1	9	1	1	3	100	90
3526	2.001	54	14	100	7	49	100	5639
3527	10.001	33	8	1	7	5	2	348
3528	5.002	1	11	1	1	22	1	124
3529	2.002	19	100	1	7	3	2	73
3530	43.002	122	13	100	7	6	2	1340
3531	43.002	256	46	100	7	6	100	1340
3532	2.006	25	14	100	100	2	12	1120
3533	21.003	6	1	100	100	2	1	Ungroupable
3534	22.001	6	3	100	100	2	100	7003
3535	1.001	6	100	1	100	7	100	Ungroupable
3536	14.001	6	1	100	100	2	100	3043
3537	10.001	33	21	1	2	15	100	348
3538	10.001	232	11	1	1	3	44	319
3539	10.001	25	8	1	2	5	45	348
3540	10.001	1	8	1	1	3	46	127
3541	106.001	33	100	1	2	75	48	Ungroupable
3542	10.001	1	100	1	1	3	49	319
3543	43.002	122	1	1	7	6	100	1340
3544	43.002	122	1	100	7	3	100	1340
3545	14.001	130	10	100	100	2	100	520
3546	10.001	38	8	1	7	55	100	875
3547	10.001	38	100	1	7	23	100	2880
3548	44.001	282	1	1	1	10	2	419
3549	2.001	1	14	100	7	3	100	1660
3550	2.001	9	1	100	1	4	2	6795
3551	1.001	1	100	1	7	15	100	309
3552	1.001	321	100	100	100	1	100	20
3553	1.001	418	100	100	100	1	100	20
3554	1.001	422	1	100	100	1	100	20
3555	1.001	429	100	100	100	1	100	20
3556	1.003	171	100	100	100	1	100	20
3557	1.014	415	100	100	100	1	100	20
3558	1.015	5	100	100	100	1	100	20
3559	1.016	416	100	100	100	1	100	20
3560	1.017	5	100	100	100	1	100	20
3561	1.018	5	100	100	100	1	100	20
3562	2.001	1	1	100	100	2	2	442
3563	2.001	1	1	100	100	2	100	442
3564	2.001	1	8	1	100	2	100	442
3565	2.001	1	13	1	100	2	100	442
3566	2.001	9	13	100	100	1	100	63
3567	2.001	9	100	1	100	100	100	845
3568	2.001	15	100	100	100	100	100	845
3569	2.001	18	100	100	100	7	100	893
3570	2.001	19	10	1	1	22	22	6169
3571	2.001	24	8	100	100	2	100	55
3572	2.001	39	1	100	1	3	100	1487
3573	2.001	39	12	100	100	100	100	63
3574	2.001	54	13	100	1	22	100	3574
3575	2.001	122	1	100	100	100	2	63
3576	2.001	130	3	1	100	2	100	442
3577	2.001	163	100	100	1	22	100	1271
3578	2.001	183	4	100	100	100	100	63
3579	2.001	291	3	100	100	3	100	301
3580	2.001	407	100	100	100	100	100	845
3581	2.001	408	11	100	7	4	100	168
3582	2.001	413	1	100	100	100	100	63
3583	2.001	414	3	100	100	100	100	301
3584	2.001	427	1	1	100	2	100	442
3585	2.002	1	13	100	100	100	100	467
3586	2.002	1	14	1	1	3	100	127
3587	2.002	19	3	1	7	3	2	73
3588	2.002	19	16	100	1	18	100	2209
3589	2.002	25	100	100	7	43	100	719
3590	2.002	25	100	100	7	140	100	719
3591	2.002	29	13	100	7	4	100	426
3592	2.002	42	100	100	10	2	2	231
3593	2.002	47	3	1	7	17	100	433
3594	2.002	48	19	100	7	18	100	6961
3595	2.002	54	3	100	5	2	100	1958
3596	2.002	54	14	100	7	4	100	719
3597	2.002	54	14	100	100	2	100	1958
3598	2.002	69	14	100	1	3	100	625
3599	2.002	89	37	100	7	68	100	719
3600	2.002	89	54	100	7	26	100	719
3601	2.002	124	3	100	7	4	100	719
3602	2.002	130	1	100	7	3	100	436
3603	2.002	410	1	1	7	3	100	1869
3604	2.002	412	13	100	7	4	100	426
3605	2.006	14	100	100	35	1	100	2018
3606	2.047	39	3	100	100	100	100	213
3607	2.048	39	11	100	100	100	100	213
3608	2.049	1	1	1	100	2	100	442
3609	2.050	39	11	100	7	4	100	168
3610	2.051	1	1	1	100	2	100	442
3611	3.002	54	14	100	1	20	100	625
3612	5.002	5	100	1	1	3	100	127
3613	5.002	10	14	1	7	3	100	1387
3614	5.002	89	100	1	1	3	100	127
3615	5.002	122	14	1	7	2	100	1387
3616	5.002	122	14	1	7	161	100	1387
3617	9.001	25	12	1	1	2	100	142
3618	9.001	54	12	1	7	22	100	561
3619	9.001	69	14	1	1	10	100	1543
3620	9.001	346	10	1	1	162	100	Ungroupable
3621	10.001	9	1	100	100	100	100	63
3622	10.001	25	12	1	2	5	2	25
3623	10.001	25	48	1	2	5	32	1229
3624	10.001	25	49	1	2	5	100	348
3625	10.001	33	37	1	2	160	100	348
3626	12.001	1	13	1	25	10	100	1601
3627	12.001	35	100	1	1	3	100	26
3629	12.001	411	3	1	1	3	100	26
3630	12.004	1	12	1	1	3	100	127
3631	12.007	1	1	1	100	2	100	442
3632	12.007	9	14	100	100	100	100	63
3633	13.001	19	3	1	1	3	100	38
3634	13.001	19	21	1	1	9	100	38
3635	13.001	19	37	1	7	24	100	1975
3636	13.001	122	14	1	7	3	100	1387
3637	13.001	425	8	1	1	3	100	127
3638	13.001	425	12	1	1	3	100	3336
3639	13.007	19	3	1	1	9	100	38
3640	14.001	10	14	100	7	20	100	1662
3641	14.001	15	3	100	100	7	100	352
3642	14.001	15	100	100	100	100	100	352
3643	14.001	18	13	100	7	41	100	1662
3644	14.001	19	3	1	1	9	100	38
3645	14.001	57	100	1	1	22	100	1362
3646	14.001	89	13	1	7	18	100	1586
3647	14.001	130	3	100	1	3	100	3400
3648	14.001	130	3	100	51	2	100	520
3649	14.001	420	12	100	1	2	100	Ungroupable
3650	14.001	420	12	100	1	4	100	5508
3651	14.002	40	1	100	100	7	100	178
3652	14.016	29	1	100	100	7	100	178
3653	15.001	1	100	1	1	3	100	127
3654	15.001	18	100	100	100	1	100	893
3655	15.001	60	100	100	100	1	100	1400
3656	15.001	62	100	100	10	2	100	1400
3657	15.001	136	100	100	100	2	100	1958
3658	15.001	424	100	100	100	2	100	1958
3659	15.001	426	100	100	100	1	100	661
3660	15.009	142	100	100	100	2	100	1400
3661	15.010	142	100	100	100	2	100	1400
3662	18.001	5	14	100	7	3	100	2718
3663	18.001	89	13	1	7	3	100	428
3664	19.001	1	37	1	7	55	100	875
3665	19.001	5	13	100	23	55	100	Ungroupable
3666	19.001	10	13	100	7	41	100	4353
3667	19.001	15	14	1	7	15	100	309
3668	19.001	19	3	1	7	15	100	309
3669	19.001	38	8	1	7	55	100	247
3670	19.001	38	10	1	7	55	100	247
3671	19.001	40	13	100	7	9	100	426
3672	19.001	40	100	100	7	4	100	427
3673	19.001	47	3	1	7	118	100	433
3674	19.001	47	14	1	7	78	100	433
3675	19.001	48	13	1	15	20	100	6884
3676	19.001	54	14	100	7	131	100	6696
3677	19.001	64	55	100	100	4	100	1645
3678	19.001	69	100	1	7	15	100	309
3679	19.001	139	12	1	7	43	100	3311
3680	19.001	225	13	1	7	26	100	1096
3681	19.014	89	100	100	7	8	100	719
3682	19.015	47	14	1	7	17	100	433
3683	19.016	47	3	1	7	17	100	433
3684	22.001	15	100	100	100	7	56	2028
3685	22.001	82	100	100	100	2	100	190
3686	22.015	50	3	100	100	1	100	3111
3687	22.016	15	100	100	100	7	100	352
3688	34.001	1	26	1	1	3	100	90
3689	34.015	39	13	100	7	4	100	168
3690	34.025	1	11	1	1	3	100	90
3691	34.026	284	100	100	7	9	100	Ungroupable
3692	43.002	54	100	1	7	20	100	1641
3693	43.002	122	62	100	7	6	100	1340
3694	43.002	122	100	100	7	48	100	1340
3695	44.001	16	4	1	1	9	100	933
3696	44.001	16	10	1	1	3	100	158
3697	44.001	16	10	1	1	163	100	158
3698	44.001	16	62	1	1	10	100	158
3699	44.001	19	10	1	1	9	100	38
3700	44.001	38	3	1	7	1	100	248
3701	44.001	42	100	100	10	2	100	1958
3702	66.001	25	8	100	100	100	18	543
3703	68.001	19	16	1	100	2	100	1115
3704	68.001	428	100	1	1	3	100	267
6834	13.001	10	19	1	7	6	100	Ungroupable
3707	80.002	40	13	100	7	4	100	426
3708	81.001	423	1	100	100	2	100	307
3709	93.001	25	21	100	100	100	2	2655
3710	93.001	409	3	100	100	100	2	2655
3711	93.001	419	3	100	100	100	100	2655
3712	94.001	42	100	100	10	2	1	231
3713	100.001	421	14	100	100	1	100	17
3714	100.006	18	100	100	7	3	100	436
3715	103.002	38	8	1	7	26	100	567
3716	120.001	22	4	1	34	93	100	2473
3717	122.001	16	4	1	1	3	100	260
3718	137.001	10	1	100	100	2	100	2035
3719	167.001	16	10	1	1	10	100	158
3720	171.001	89	4	1	1	4	100	Ungroupable
3721	183.001	5	100	100	100	1	100	20
3722	184.001	48	3	100	14	7	100	Ungroupable
3723	185.001	15	100	1	7	15	100	309
3724	186.001	1	1	1	100	2	100	442
3725	187.001	9	1	100	100	1	100	63
3726	188.001	1	11	1	1	3	100	90
3727	189.001	122	14	1	7	3	100	1387
3728	43.002	122	1	100	52	6	100	1340
3729	2.020	39	1	100	100	100	100	63
3730	3.003	122	8	1	7	3	100	199
3731	2.001	39	1	1	7	4	100	168
3732	14.001	39	3	100	100	100	100	213
3733	34.001	1	11	1	1	7	100	90
3734	15.001	361	100	100	100	2	100	1958
3735	14.001	39	100	100	100	100	100	213
3736	2.001	40	1	1	7	3	100	1615
3737	2.002	10	100	100	10	2	100	1958
3738	2.001	1	13	1	1	92	100	409
3739	2.002	1	9	1	7	82	100	470
3740	2.002	1	8	1	2	24	100	470
3741	2.002	16	8	1	23	82	100	Ungroupable
3742	2.002	19	8	1	7	82	2	73
3743	2.002	19	11	1	7	3	1	73
3744	2.002	19	17	1	7	82	100	73
3745	2.002	19	8	1	7	82	100	73
3746	2.002	40	4	100	1	34	100	2480
3747	2.002	47	8	1	7	3	100	199
3748	3.001	25	8	1	7	53	100	497
3749	5.002	1	4	1	7	133	100	199
3750	5.002	1	4	1	38	3	100	199
3751	5.002	1	8	1	7	82	100	199
3752	5.002	1	11	1	1	22	2	124
3753	5.002	1	12	1	7	82	100	199
3754	5.002	1	13	1	7	82	100	199
3755	5.002	1	46	1	7	82	100	199
3756	5.002	1	100	1	7	82	100	199
3757	5.002	19	8	1	7	82	100	199
3758	5.002	19	8	1	1	82	100	127
3759	5.002	19	12	1	38	3	100	1148
3760	5.002	33	8	1	2	5	100	348
3761	5.002	64	10	1	7	3	100	199
3762	7.001	25	8	1	5	69	100	Ungroupable
3763	10.001	33	54	1	7	5	100	348
3764	10.001	33	4	1	5	5	100	348
3765	10.003	1	8	1	7	95	2	Ungroupable
3766	10.003	47	8	1	7	21	12	221
3767	10.008	33	8	1	2	5	100	348
3768	12.001	1	8	1	1	82	100	127
3769	12.001	22	8	1	34	3	100	2473
3770	13.001	1	48	1	7	82	100	1179
3771	13.001	1	49	1	7	22	100	2288
3772	13.001	1	9	1	1	82	100	3336
3773	13.002	1	4	1	7	82	100	1696
3774	13.002	1	12	1	7	82	100	1696
3775	13.002	1	13	1	7	82	100	1696
3776	13.002	1	21	1	7	82	100	1696
3777	13.002	1	100	1	7	82	100	1696
3778	13.002	16	13	1	7	82	100	2433
3779	13.002	19	8	1	7	82	100	1696
3780	13.002	25	100	1	7	3	100	1696
3781	13.002	25	100	6	7	3	100	5125
3782	13.002	25	13	1	7	82	100	2433
3783	13.002	47	4	1	7	21	100	2351
3784	13.002	113	8	1	7	3	100	199
3785	14.001	1	8	1	7	82	100	199
3786	17.001	1	8	1	7	82	100	199
3787	17.001	1	8	1	1	82	100	127
3788	18.001	1	4	1	7	82	100	428
3789	18.001	1	8	1	7	6	1	428
3790	18.001	1	9	1	7	22	100	428
3791	18.001	1	11	1	7	23	100	428
3792	18.001	1	11	1	7	24	100	428
3793	18.001	1	11	1	7	82	100	428
3794	18.001	1	11	1	1	92	100	90
3795	18.001	1	12	1	7	82	100	428
3796	18.001	1	12	1	7	25	100	428
3797	18.001	1	13	1	7	82	100	428
3798	18.001	16	4	1	7	82	100	1102
3799	18.001	16	4	6	7	3	100	1102
3800	18.001	16	12	1	7	3	100	428
3801	18.001	19	9	1	7	3	100	428
3802	18.001	22	11	1	1	9	100	2257
3803	18.001	36	13	1	7	24	100	501
3804	18.001	192	8	1	1	82	100	2778
3805	18.001	47	12	1	7	3	100	428
3806	18.001	33	4	1	7	82	100	1102
3807	18.001	47	13	1	1	21	100	2351
3808	19.001	18	13	1	7	98	100	1632
3809	21.001	1	12	1	7	92	100	1118
3810	21.001	1	8	1	1	82	100	127
3811	21.001	1	12	1	7	82	100	1118
3812	21.001	1	12	1	7	134	100	1118
3813	21.001	1	12	1	34	82	100	1687
3814	21.001	16	11	1	7	8	100	3285
3815	21.001	19	4	1	7	82	100	1157
3816	21.001	19	8	1	1	9	100	38
3817	21.001	19	8	1	7	82	100	1118
3818	21.001	19	8	1	7	92	2	1157
3819	21.001	19	9	1	7	82	100	1157
3820	21.001	19	13	1	7	8	100	1157
3821	21.001	113	11	1	7	82	100	909
3822	22.001	314	4	1	7	22	100	Ungroupable
3823	34.007	40	11	100	7	88	100	1124
3824	34.007	40	13	100	7	88	100	426
3825	43.001	16	8	1	7	17	100	2336
3826	43.001	19	8	1	7	15	100	514
3827	43.002	1	4	1	7	95	100	345
3828	43.002	1	8	1	7	82	100	199
3829	43.002	1	11	1	1	82	100	90
3830	43.002	1	13	1	7	82	100	345
3831	43.002	19	8	1	7	82	100	345
3832	43.002	19	11	1	7	3	100	345
3833	43.002	19	26	1	7	82	100	2457
3834	43.002	19	37	1	7	82	100	2457
3835	43.002	19	37	1	7	82	1	515
3836	43.004	1	13	1	1	22	100	958
3837	60.001	1	4	1	7	82	100	233
3838	77.001	1	8	1	7	95	2	2454
3839	87.001	16	8	1	7	82	100	2435
3840	103.001	1	8	1	1	82	100	127
3841	103.001	1	21	1	1	82	100	1463
3842	103.001	1	24	1	1	82	100	1463
3843	103.002	1	4	1	7	82	100	2430
3844	109.001	1	8	1	7	82	100	199
3845	120.001	1	12	1	7	82	100	1143
3846	43.001	1	13	1	1	52	100	208
3847	43.001	1	11	1	1	52	36	509
3848	43.001	1	4	1	7	95	100	514
3849	43.001	1	4	1	7	122	100	514
4533	5.002	39	14	1	7	26	100	1387
3850	43.001	19	8	1	7	95	100	514
3851	2.042	1	8	1	7	82	100	199
3852	21.001	19	12	1	7	82	100	1687
3853	5.002	1	37	1	7	3	100	199
3854	193.001	10	100	1	100	2	100	1115
3855	191.001	380	3	100	100	2	100	520
3856	192.001	54	100	1	100	1	100	1645
3857	194.001	378	100	100	7	49	100	5627
3858	1.002	382	3	100	100	49	100	Ungroupable
3859	60.001	1	13	1	7	3	100	199
3860	2.001	39	11	100	7	4	41	168
3861	2.001	39	11	100	7	4	16	168
3862	2.025	39	11	100	7	4	2	168
3863	2.001	39	11	100	7	4	57	168
3864	2.002	19	14	1	7	3	1	73
3865	121.002	1	4	1	7	105	100	2430
3866	5.002	222	100	1	7	3	100	199
3867	18.001	1	8	1	7	3	1	199
3868	2.008	346	12	1	2	71	7	Ungroupable
3869	12.001	14	8	1	1	3	100	127
3870	2.002	39	13	100	7	4	2	426
3871	2.002	10	13	100	1	18	100	1771
3872	5.002	39	3	1	7	3	100	2148
3873	14.001	222	14	1	7	3	100	1387
3874	14.001	39	14	100	100	100	100	213
3875	2.001	431	11	100	100	100	100	213
3876	3.003	430	100	17	100	1	100	20
3877	10.001	38	1	100	7	26	100	684
3878	10.001	366	100	1	2	5	100	348
3879	198.001	105	1	100	100	2	100	5513
3880	14.001	10	1	100	100	1	6	42
3881	22.001	58	100	1	100	2	100	1115
3882	159.001	332	100	1	1	22	100	4749
3883	34.001	1	35	1	1	1	100	90
3884	34.001	432	3	100	7	3	100	1818
3885	10.012	19	10	1	1	3	100	2190
3886	2.002	433	13	100	1	22	100	1271
3887	2.001	434	1	100	7	4	100	168
3888	43.002	122	100	100	7	2	100	1340
3889	15.001	361	11	100	100	2	100	1400
3890	18.001	36	100	1	7	24	100	501
3891	34.001	435	14	1	1	1	100	1460
3892	14.001	10	100	100	100	1	45	352
3893	14.001	10	3	100	100	1	45	42
3894	34.001	9	100	100	7	3	100	436
3895	15.001	361	3	100	100	2	100	1400
3896	34.001	122	1	1	7	3	100	1615
3897	92.001	122	1	1	7	3	100	1615
3898	3.003	122	7	1	7	3	100	1816
3899	19.001	436	13	1	7	3	100	1096
3900	5.007	1	8	1	1	3	100	127
3901	14.001	10	1	100	100	7	100	352
3902	19.001	38	1	1	7	1	100	309
3903	60.001	1	8	13	7	3	100	1143
3904	2.001	9	1	1	100	1	100	63
3905	196.001	437	12	1	7	10	100	4300
3906	3.001	122	3	1	100	3	100	2148
3907	2.052	39	11	100	100	100	100	213
3908	19.017	11	100	100	100	2	100	1958
6835	13.001	10	100	1	7	6	100	455
3909	1.001	445	100	100	100	1	12	20
3910	2.001	1	1	1	22	2	100	442
3911	2.001	9	1	100	1	71	100	63
3912	2.001	9	13	100	22	100	100	63
3913	2.001	9	14	100	100	100	100	63
3914	2.001	9	31	100	100	100	100	63
3915	2.001	9	100	100	100	17	100	845
3916	2.001	21	1	100	100	100	100	63
3917	2.001	24	1	100	100	2	62	55
3918	2.001	24	1	100	100	100	100	63
3919	2.001	24	100	1	100	2	100	442
3920	2.001	39	11	100	53	100	100	213
3921	2.001	39	31	100	100	100	100	63
3922	2.001	39	37	100	100	100	100	63
3923	2.001	39	100	100	100	100	2	213
3924	2.001	47	12	100	7	3	100	1660
4534	12.007	10	13	1	7	3	100	7013
3927	2.001	201	1	100	100	100	100	63
3928	2.001	360	1	100	100	1	100	63
3929	2.001	362	1	100	100	100	100	63
3930	2.001	447	1	100	100	2	100	55
3931	2.002	1	5	1	100	2	100	442
3932	2.002	1	6	1	1	3	2	Ungroupable
3933	2.002	1	14	1	7	3	100	199
3934	2.002	1	14	1	100	2	100	442
3936	2.002	5	13	100	100	7	4	2586
3937	2.002	15	100	100	10	2	100	1958
3938	2.002	18	100	100	7	3	100	436
3939	2.002	19	100	100	1	3	100	436
3941	2.002	25	3	100	7	3	100	436
3942	2.002	40	4	100	7	3	100	436
3943	210.001	25	8	1	1	7	3	Ungroupable
3944	2.002	40	14	100	7	3	100	436
3945	2.002	40	100	14	100	7	3	Ungroupable
3946	2.002	40	100	100	7	164	100	427
3947	2.002	40	100	100	47	3	100	436
3948	2.002	40	100	100	47	4	100	427
3949	2.002	105	12	100	100	2	100	1958
3950	2.002	105	13	100	100	2	100	1958
3951	2.002	105	14	100	100	2	100	1958
3952	2.002	122	100	100	7	6	100	1340
3954	2.002	361	100	100	7	3	100	436
3955	2.002	442	100	100	7	3	100	436
3956	2.002	443	100	100	7	2	100	427
3957	2.002	446	100	100	100	3	100	436
3958	2.002	450	3	1	100	2	100	2657
3959	2.002	451	100	100	7	4	100	719
3960	2.008	54	13	100	100	1	100	1645
3961	2.017	1	14	1	100	2	100	442
3962	2.017	40	13	1	7	4	100	426
3964	2.048	9	1	100	100	1	100	63
3965	2.053	9	100	100	100	100	100	845
3966	2.054	39	11	100	100	100	100	213
3967	2.055	40	100	100	7	3	100	436
3968	2.056	40	100	100	7	3	100	436
3969	3.001	40	1	100	7	4	100	1124
3970	4.001	448	11	100	1	3	100	6324
3971	5.002	1	3	1	7	3	100	199
3972	5.002	1	11	1	100	3	100	127
3973	5.002	1	17	1	100	143	100	3024
3974	5.002	38	6	1	1	3	100	127
3975	5.002	39	11	100	7	4	100	168
3926	2.001	183	8	100	100	100	100	63
3935	2.002	1	100	1	1	3	2	267
3940	2.002	24	13	100	100	2	100	55
3953	2.002	161	100	100	7	3	100	436
3963	2.046	161	3	100	100	7	100	468
3976	5.002	40	13	1	7	3	100	1615
3977	5.002	40	100	1	7	3	100	1615
3978	5.002	105	6	1	7	3	100	1615
3979	5.002	105	8	1	7	3	100	199
3980	5.002	105	11	1	7	3	100	2431
3981	5.002	105	14	100	100	2	100	5513
3982	5.002	122	3	1	7	1	100	2148
3983	5.002	122	3	1	7	2	100	2148
3984	5.002	122	3	1	7	7	100	2148
3986	5.002	161	17	1	100	3	100	3024
3987	5.002	222	3	1	7	3	100	2148
4535	34.001	507	100	1	7	15	100	2072
3990	5.012	122	3	1	7	3	100	2148
3992	9.001	1	14	1	100	2	100	442
3994	9.001	9	1	1	100	100	100	63
3995	9.001	9	3	100	100	100	100	301
3996	9.001	9	10	100	100	100	100	63
3998	9.001	38	100	1	100	2	100	3035
3999	9.001	57	100	100	100	2	100	190
4001	9.001	69	12	1	100	2	100	3035
4002	9.001	82	3	100	100	2	100	1845
4003	9.001	82	5	100	100	2	100	1845
4012	14.001	1	14	1	100	2	100	442
4013	14.001	1	14	100	1	100	2	Ungroupable
4014	14.001	5	1	1	1	9	100	175
4015	14.001	9	35	100	100	100	100	63
4016	14.001	11	13	1	100	2	100	432
3989	5.002	444	14	1	7	3	100	1387
3991	5.013	274	100	1	1	3	100	267
3993	9.001	8	3	100	6	1	100	3165
3997	9.001	22	11	1	100	2	100	3035
4000	9.001	69	8	1	100	2	100	3035
4004	9.001	105	1	1	100	2	100	3035
4005	9.001	105	3	1	100	2	100	3035
4006	9.001	105	100	100	7	2	100	5513
4007	9.001	132	100	1	1	2	100	Ungroupable
4008	9.008	38	100	1	100	2	100	137
4009	9.009	16	3	100	1	10	100	480
4010	9.011	9	10	100	100	100	100	392
4011	14.001	1	13	1	100	2	100	442
4017	14.001	25	100	100	100	1	100	42
4018	14.001	29	1	100	100	7	53	178
4019	14.001	69	3	100	100	2	100	520
4020	14.001	122	14	100	7	3	100	1387
4021	14.001	365	100	100	100	7	100	352
4022	15.001	58	3	1	100	2	100	395
4023	15.001	361	1	100	100	2	100	1400
4024	19.001	1	3	1	7	15	100	309
4025	19.001	19	100	1	1	9	100	38
4026	19.001	24	13	1	7	15	100	309
4027	19.001	29	1	1	7	15	100	309
4028	19.001	38	1	1	7	100	100	309
4029	19.001	38	1	100	7	3	100	53
4030	19.001	40	1	100	7	15	100	5232
4031	19.001	40	3	1	7	15	100	309
4032	19.001	354	100	13	1	100	15	Ungroupable
4033	19.018	38	1	1	7	3	100	53
4034	22.001	11	100	100	100	2	12	190
4035	22.001	19	6	1	100	56	100	1115
4036	22.001	19	100	100	54	2	100	190
4037	22.001	19	100	100	54	70	100	190
4038	22.001	25	21	100	100	7	2	6312
4040	22.001	104	3	10	100	7	100	688
4041	22.001	354	100	100	100	2	100	190
4043	22.001	438	6	1	100	2	100	1115
4044	22.001	439	3	100	100	1	100	239
4045	34.001	19	3	1	7	9	100	1225
4046	34.007	40	100	100	7	62	100	1124
4047	34.027	40	3	100	7	4	100	427
4048	43.002	122	11	100	7	6	100	1340
4049	43.002	122	100	100	100	6	100	1340
3988	5.002	440	14	1	7	3	100	1387
4039	22.001	57	100	100	100	2	100	190
4042	22.001	361	13	100	100	7	100	6312
4051	44.001	5	13	100	7	4	100	426
4052	44.001	16	10	100	1	10	100	158
6836	13.001	54	1	100	7	6	100	539
4054	44.001	16	100	1	100	10	100	158
4055	45.001	57	4	100	6	1	100	3165
4056	45.001	369	3	100	6	1	100	3165
4057	45.003	8	3	100	6	1	100	3165
4058	68.001	19	14	1	100	2	60	238
4060	76.002	19	3	1	1	9	100	38
4061	77.001	358	10	1	7	10	100	953
4062	90.001	19	100	1	100	2	100	1115
4065	198.002	39	13	100	100	100	100	213
4066	199.001	5	1	100	100	2	100	4959
4067	199.001	14	1	100	100	2	100	4066
4068	200.001	40	13	100	7	4	100	426
4069	201.001	40	100	100	7	3	100	436
4070	202.001	25	4	1	100	2	100	142
4071	203.001	25	6	100	100	100	100	240
4072	204.001	19	100	100	100	2	100	1958
4073	205.001	132	1	1	1	9	100	Ungroupable
3925	2.001	122	1	100	7	6	100	1340
3985	5.002	122	3	1	100	2	100	2148
4074	22.001	449	1	100	100	1	100	239
4053	44.001	16	11	1	1	112	100	158
4063	100.004	5	14	100	100	100	100	212
4064	170.002	18	100	100	100	2	100	1958
4050	43.006	122	1	100	7	6	100	1340
4075	2.001	5	4	1	1	52	100	4988
4076	2.001	69	13	1	1	52	100	208
4077	2.002	25	8	1	7	3	100	73
4078	2.002	25	8	1	7	23	100	470
4079	2.002	25	8	1	7	39	1	202
4080	2.002	25	12	1	7	3	100	1143
4081	2.002	25	12	1	7	8	100	5994
4082	2.002	69	13	1	7	3	100	470
4083	2.002	274	17	1	7	3	100	73
4084	2.002	274	100	100	7	4	6	719
4085	2.002	274	100	100	7	4	100	719
4086	3.001	69	13	1	7	3	100	517
4087	5.002	5	4	1	7	3	100	199
4088	5.002	10	48	1	7	22	100	7128
4089	5.002	25	4	1	7	3	100	199
4090	5.002	25	13	1	7	3	100	199
4091	5.002	33	8	1	7	3	100	199
4092	5.002	69	4	1	7	3	1	2430
4093	5.002	69	4	1	7	3	100	199
4094	5.002	69	8	1	1	22	100	127
4095	5.002	69	8	1	7	3	100	199
4096	5.002	69	8	1	7	23	100	199
4097	5.002	69	9	1	7	3	100	1615
4098	5.002	69	9	1	7	24	100	4485
4099	5.002	69	12	1	7	3	100	199
4100	5.002	69	100	1	7	3	100	199
4101	5.014	25	13	1	34	3	100	Ungroupable
4102	5.015	10	8	1	2	24	100	501
4103	9.001	139	8	1	7	1	100	7078
4104	9.001	139	8	1	7	40	100	4103
4105	10.001	10	8	1	2	5	100	348
4106	10.001	33	8	1	45	5	100	348
4107	10.001	33	12	1	7	3	100	1143
4108	10.001	33	21	1	34	5	100	348
4109	10.001	69	8	1	2	5	100	348
4110	10.001	69	11	1	1	47	100	319
4111	10.001	69	11	1	7	3	100	319
4112	10.001	69	12	1	2	5	100	348
4113	10.001	69	12	1	7	3	100	1143
4114	10.001	69	12	1	7	5	100	5004
4115	10.001	69	13	1	7	5	100	4114
4116	10.001	69	19	1	7	3	100	1392
4117	10.001	69	37	1	7	3	100	1392
4118	10.003	5	4	1	1	52	100	2499
4119	10.003	5	4	1	34	52	100	2499
4120	10.003	18	8	1	7	47	100	1698
4121	10.003	18	10	1	1	10	100	158
4122	10.003	69	8	1	7	47	100	1698
4123	10.003	69	12	1	7	47	100	1698
4124	10.003	69	12	1	21	47	100	1698
4125	10.003	69	12	1	56	47	100	1698
4126	10.003	122	11	100	7	6	100	1340
4127	12.001	5	4	1	34	93	2	4439
4128	12.001	5	4	1	34	93	100	2473
4129	12.001	5	8	1	1	93	100	2473
4130	12.001	5	8	1	34	53	100	2473
4131	12.001	5	8	1	34	167	100	2473
4132	12.001	5	8	1	34	169	100	2473
4133	12.001	5	9	1	34	93	100	2473
4134	12.001	5	11	1	34	93	100	2473
4135	12.001	5	12	1	34	93	100	2473
4136	12.001	5	13	1	34	93	100	2473
4137	12.001	5	14	1	34	93	100	2473
4138	12.001	5	23	1	34	93	100	2473
4139	12.001	5	100	1	34	93	100	2473
4140	12.001	10	8	1	7	24	100	3264
4141	12.001	69	8	1	1	23	100	26
4142	12.001	69	8	1	7	3	100	199
4143	12.001	69	8	1	7	24	100	3264
4144	12.001	69	8	1	34	93	100	2473
4145	12.007	69	11	1	7	22	100	Ungroupable
4146	13.001	5	8	1	1	22	100	37
4147	13.001	5	8	1	34	93	100	2473
4148	13.001	5	12	1	1	9	100	38
4149	13.001	5	12	1	34	93	100	4439
4150	13.001	25	4	1	7	134	100	497
4151	13.001	25	8	1	1	9	100	38
4152	13.001	25	11	1	1	9	100	38
4153	13.001	25	12	1	1	9	100	38
4154	13.001	25	21	1	7	53	100	497
4155	13.001	47	4	1	34	21	100	Ungroupable
4156	13.001	69	4	1	1	22	100	2437
4157	13.001	69	8	1	7	22	100	1179
4158	13.001	69	9	1	7	22	100	2288
4159	13.001	69	11	1	7	3	100	3336
4160	13.001	69	12	1	1	3	100	3336
4161	13.001	69	12	1	7	22	100	1717
4162	13.001	69	13	1	7	3	100	1179
4163	13.001	69	63	1	15	39	100	3336
4164	13.001	69	71	1	7	35	100	Ungroupable
4165	13.001	169	31	1	7	9	100	Ungroupable
4166	13.001	456	8	1	7	53	100	497
4167	13.001	456	12	1	7	53	100	497
4168	13.002	25	4	1	15	3	100	2754
4169	13.002	25	8	1	7	3	100	199
4170	13.002	69	4	1	7	3	100	1696
4171	13.002	69	8	1	7	3	100	199
4172	13.002	69	8	1	7	104	100	1696
4173	13.002	69	8	1	7	128	100	1696
4174	13.002	69	8	1	34	3	100	1696
4175	13.002	69	9	1	7	3	100	1696
4176	13.002	69	10	1	7	3	100	1696
4177	13.002	69	11	1	7	3	100	1696
4178	13.002	69	11	1	55	3	100	1705
4179	13.002	69	12	1	7	3	100	1696
4180	13.002	69	12	1	21	3	100	1707
4181	13.002	69	13	1	7	3	100	1696
4182	13.002	69	37	1	7	3	100	1696
4183	13.002	69	48	1	21	3	100	Ungroupable
4184	13.003	454	8	1	2	10	100	5148
4185	13.008	25	8	1	7	53	100	497
4186	13.009	25	11	1	1	9	100	452
4187	17.001	69	8	1	1	3	100	127
4188	17.001	69	9	1	7	3	100	2261
4189	17.001	69	19	1	1	3	100	2254
4190	18.001	10	1	1	2	24	100	501
4191	18.001	10	4	1	2	24	100	501
4192	18.001	10	8	1	2	24	100	501
4193	18.001	10	8	1	45	24	100	501
4194	18.001	10	12	1	2	24	100	501
4195	18.001	10	14	1	2	24	100	501
4196	18.001	18	12	1	7	21	100	3800
4197	18.001	25	4	1	7	3	100	428
4198	18.001	25	4	1	21	43	55	Ungroupable
4199	18.001	25	8	1	7	3	100	199
4200	18.001	25	8	1	7	22	100	428
4201	18.001	25	12	1	7	3	100	428
4202	18.001	25	13	1	7	168	100	Ungroupable
4203	18.001	33	12	1	2	24	100	501
4204	18.001	47	3	1	1	3	100	2482
4205	18.001	47	8	1	7	10	100	221
4206	18.001	47	13	1	7	15	100	1096
4207	18.001	69	4	1	7	3	100	428
4208	18.001	69	8	1	7	15	2	7044
4209	18.001	69	8	1	21	24	100	428
4210	18.001	69	11	1	7	3	100	428
4211	18.001	69	12	1	7	3	100	428
4212	18.001	69	12	1	7	23	100	346
4213	18.001	69	13	1	7	3	100	428
4214	18.001	69	13	1	7	80	100	1178
4215	18.001	453	4	1	7	3	100	428
4216	18.005	10	12	1	7	24	100	Ungroupable
4217	19.001	10	12	1	7	55	100	247
4218	21.001	18	11	1	7	8	100	3285
4219	21.001	18	12	1	7	6	100	1192
4220	21.001	25	4	1	7	3	100	1118
4221	21.001	25	8	1	1	9	100	38
4222	21.001	25	12	1	7	8	100	1687
4223	21.001	25	13	1	2	3	100	2467
4224	21.001	25	14	1	7	3	100	2260
4225	21.001	69	4	1	7	3	100	1118
4226	21.001	69	8	1	7	3	100	199
4227	21.001	69	8	1	7	52	100	1118
4228	21.001	69	8	1	34	3	100	1118
4229	21.001	69	10	1	7	3	100	1118
4230	21.001	69	12	1	7	3	100	1118
4231	21.001	69	12	1	34	3	100	1687
4232	21.001	452	8	1	7	3	100	199
4233	21.001	455	12	1	7	143	100	1687
4234	22.001	69	4	1	1	3	100	3129
4235	22.001	69	8	1	1	3	100	127
4236	27.003	5	11	1	1	52	100	5063
4237	27.003	69	12	1	34	3	100	4230
4238	34.007	69	10	100	7	170	100	Ungroupable
4239	34.007	69	100	100	7	3	100	436
4240	34.007	274	3	100	7	4	100	1124
4241	34.007	274	4	100	7	4	100	1124
4242	34.007	274	8	100	7	4	100	1124
4243	34.007	274	11	100	7	4	100	1124
4244	34.007	274	13	100	38	45	100	4529
4245	34.007	274	17	100	7	4	100	1124
4246	34.007	274	19	100	7	3	100	6028
4247	34.007	274	26	100	7	4	100	1124
4248	34.007	274	67	100	7	34	100	1124
4249	34.007	274	100	100	7	25	100	1124
4250	34.012	274	11	100	7	4	100	2477
4251	34.019	69	100	1	7	3	100	2359
4252	43.001	18	13	1	7	6	100	2336
4253	43.001	69	4	1	7	15	6	929
4254	43.001	69	4	1	7	15	100	3292
4255	43.001	69	4	1	7	122	100	3292
4256	43.001	69	8	1	1	23	100	936
4257	43.001	69	8	1	7	15	100	514
4258	43.001	69	13	1	21	122	100	Ungroupable
4259	43.002	25	4	1	7	3	100	345
4260	43.002	25	8	1	7	3	100	199
4261	43.002	69	4	1	7	3	100	345
4262	43.002	69	8	1	7	3	100	199
4263	43.002	69	11	1	7	3	100	345
4264	43.002	69	13	1	7	3	100	345
4265	43.002	69	19	1	7	3	100	345
4266	43.002	69	31	1	7	25	1	Ungroupable
4267	43.002	69	100	1	1	22	100	5585
4268	43.004	25	13	1	2	55	100	2467
4269	43.004	69	8	1	1	22	100	2437
4270	43.004	69	11	1	7	22	100	2288
4271	43.004	69	12	1	7	22	100	1717
4272	43.004	69	13	1	1	22	100	958
4273	43.007	69	11	1	7	3	100	2431
4274	44.001	18	8	1	1	10	100	158
4275	44.001	18	10	1	1	10	100	158
4276	44.001	18	10	1	1	45	100	158
4277	60.001	69	4	1	7	3	100	233
4278	60.001	69	8	1	7	3	100	1143
4279	60.001	69	11	1	7	3	100	233
4280	60.001	69	12	1	7	3	100	1143
4281	60.001	69	12	1	21	3	100	1143
4282	67.003	69	11	100	7	3	100	Ungroupable
4283	87.001	25	17	1	7	53	100	497
4284	103.001	25	4	1	7	3	100	2430
4285	103.001	69	8	1	1	3	100	127
4286	103.001	69	8	1	1	165	100	1463
4287	103.001	69	8	1	1	166	100	1463
4288	103.001	69	9	1	1	3	100	2362
4289	103.001	69	10	1	1	3	100	2362
4290	103.001	69	11	1	1	3	100	90
4291	103.001	69	12	1	1	3	100	2362
4292	103.002	47	8	1	7	21	100	221
4293	103.006	234	8	1	7	24	100	1706
4294	120.001	5	8	1	34	93	100	2473
4295	120.001	25	8	1	7	3	100	199
4296	120.001	69	8	1	7	3	100	199
4297	120.001	69	19	1	7	3	100	1709
4298	166.001	274	11	100	7	4	100	3333
4300	196.001	437	12	1	23	10	100	4300
4302	207.001	25	8	1	7	53	100	497
4303	208.001	69	12	1	7	3	100	1143
4304	209.001	69	12	1	1	24	100	Ungroupable
4305	211.001	5	4	1	34	93	100	4439
4306	212.001	33	55	1	2	5	100	348
4307	213.001	69	8	1	1	121	100	2812
4308	214.001	274	11	100	7	4	100	2477
4309	5.002	122	1	1	7	171	100	1615
4310	216.001	39	100	100	100	100	100	213
4536	34.007	122	13	100	7	6	100	1340
4311	217.001	38	3	1	7	55	100	248
4312	2.001	24	14	100	100	1	100	439
4313	22.001	1	100	100	100	2	100	190
4314	34.001	39	14	100	100	100	100	213
4315	34.001	39	14	1	100	100	100	212
4316	34.001	10	14	1	1	1	100	1460
4317	34.001	9	1	100	57	3	100	3420
4318	34.001	9	1	100	58	166	100	Ungroupable
4319	93.001	291	3	100	100	100	100	2655
4320	60.001	200	100	100	1	4	100	1771
4321	14.001	69	100	100	22	2	100	463
4322	2.001	25	100	100	1	4	1	3472
4323	14.001	89	13	100	1	4	2	5508
4324	2.001	122	1	100	7	3	100	3420
4325	5.002	122	5	1	7	3	100	1387
4326	19.001	477	19	1	17	15	100	3445
4327	5.002	1	12	1	1	3	66	127
4328	2.001	39	12	100	100	100	67	213
4329	13.001	70	8	1	100	9	100	38
4330	34.001	485	1	1	1	3	100	90
4331	14.001	488	3	100	7	19	10	Ungroupable
4332	220.001	3	1	100	100	2	100	307
4333	219.001	492	13	100	7	20	100	4343
4334	5.002	35	13	1	7	20	100	268
4335	2.002	16	13	100	7	4	100	426
4336	225.001	42	1	100	100	2	100	307
4337	4.001	36	12	1	100	2	100	928
4338	4.001	88	13	1	100	2	100	1334
4339	44.001	16	19	1	1	10	100	158
4340	2.059	24	13	100	100	2	100	55
4341	2.001	163	100	100	100	7	100	352
4342	19.001	498	100	1	7	15	100	309
4343	135.001	492	13	100	7	20	100	801
4344	2.001	122	1	1	100	2	100	442
4345	2.001	1	13	100	100	2	100	442
4346	2.002	496	100	100	43	7	100	2041
4347	19.001	15	4	1	7	20	100	870
4348	224.001	15	14	100	100	7	100	2028
4349	12.001	35	13	1	100	7	100	311
4350	2.001	9	8	100	100	3	100	63
4351	2.001	39	3	1	7	3	100	2148
4352	140.001	49	100	100	7	20	100	7319
4353	14.001	10	13	100	7	20	100	1662
4354	13.001	19	1	1	7	9	100	38
4355	5.002	122	3	1	1	3	100	2148
4356	19.001	5	13	1	7	1	100	1096
4357	2.001	9	3	100	7	3	100	3420
4358	137.001	377	100	1	100	2	100	137
4359	103.002	54	3	1	7	15	100	5260
4360	5.002	10	3	1	7	3	100	2148
4361	39.001	5	13	100	100	7	100	292
4362	5.002	1	100	1	1	3	2	127
4363	12.007	9	1	100	100	1	2	439
4364	34.028	50	11	1	1	3	100	90
4365	12.001	498	14	1	100	7	100	311
4366	3.004	69	1	1	7	20	100	4485
4367	2.002	50	13	100	1	3	2	Ungroupable
4368	14.001	488	100	100	100	19	10	352
4369	2.002	16	10	1	1	10	100	158
4370	44.001	16	64	1	1	10	100	158
4371	14.001	10	1	1	7	1	100	7367
4372	103.002	301	3	1	7	15	100	5260
4373	13.001	40	13	100	7	4	100	426
4374	2.002	54	1	1	7	20	100	2088
4375	14.001	29	100	100	59	7	100	352
4376	34.001	10	13	1	1	3	100	90
4377	34.001	471	11	1	1	3	63	90
4378	135.001	492	100	100	7	20	100	4343
4379	19.001	38	13	1	7	2	100	309
4380	94.001	483	100	100	10	2	100	231
4381	19.001	24	14	1	7	15	100	309
4382	34.001	301	3	1	7	26	100	3401
4383	2.001	54	19	100	100	22	22	3373
4384	19.001	88	19	1	7	26	100	2076
4385	2.001	9	1	100	100	175	100	63
4386	14.001	15	100	1	100	1	100	384
4387	19.001	240	100	100	14	7	100	Ungroupable
4388	2.006	498	100	100	100	2	100	1958
4389	44.001	302	1	1	1	45	100	419
4390	19.001	48	13	1	7	15	100	309
4391	34.001	48	100	1	7	15	100	309
4392	5.002	1	13	1	1	3	100	127
4393	13.001	122	3	1	7	3	100	2148
4394	14.001	5	1	100	1	7	100	178
4395	19.001	301	1	1	7	15	100	309
4396	218.001	261	13	1	7	3	100	3099
4397	44.001	16	14	1	1	45	100	158
4398	19.001	482	100	1	7	15	100	309
4399	218.002	48	100	1	7	15	100	309
4400	2.002	15	14	100	100	7	100	2028
4401	22.001	15	100	100	7	20	100	Ungroupable
4402	5.002	1	4	1	1	3	2	127
4403	19.001	301	19	1	7	15	100	309
4404	2.002	42	100	100	10	2	64	231
4405	19.001	168	13	1	7	20	100	1096
4406	223.001	368	100	1	7	15	100	309
4407	5.002	69	14	1	7	3	100	1387
4408	19.001	490	100	1	7	15	100	309
4409	44.004	16	1	1	1	45	100	419
4410	94.002	42	100	100	10	2	100	231
4411	225.001	3	1	100	100	2	100	307
4412	22.001	15	100	100	14	7	100	84
4413	19.001	5	13	1	7	15	100	309
4414	19.001	368	100	1	7	15	100	309
4415	2.006	498	14	100	100	2	100	1958
4416	2.001	9	1	100	1	45	100	63
4417	5.016	122	3	1	7	3	100	2148
4418	34.001	484	11	1	1	3	100	90
4419	2.002	15	12	100	100	1	100	6941
4420	2.002	69	13	1	7	20	100	268
4421	19.001	14	100	1	7	15	100	309
4422	19.001	24	100	1	7	15	100	309
4423	19.001	38	13	1	7	20	39	1096
4424	2.001	47	3	100	100	1	100	301
4425	14.001	501	3	100	100	1	100	42
4426	5.002	500	13	1	1	3	100	127
4427	2.002	124	1	100	7	2	6	2538
4428	5.002	38	13	1	1	3	2	4392
4429	2.002	40	13	100	7	4	68	426
4430	19.001	47	14	100	7	17	100	433
4431	14.001	10	3	100	100	19	10	35
4432	19.001	5	11	1	7	15	100	309
4433	2.006	48	1	7	33	19	10	4450
4434	19.001	481	11	1	7	55	100	875
4435	2.002	291	100	100	10	2	64	231
4436	210.001	25	8	1	7	3	100	1696
4437	5.002	69	13	1	7	3	100	199
4438	10.001	10	11	1	2	5	100	348
4439	12.001	5	8	1	34	93	100	2473
4440	13.001	25	12	1	7	9	100	1216
4441	13.001	25	31	1	7	53	100	497
4442	17.001	69	8	1	7	3	100	199
4443	18.001	47	4	1	7	10	100	1111
4444	18.001	69	8	1	7	3	100	199
4445	21.001	25	13	1	7	3	100	1118
4446	21.001	69	12	1	7	8	100	1687
4447	34.007	274	12	100	7	4	100	1124
4448	43.004	69	12	1	1	80	100	477
4537	5.002	122	12	1	7	15	100	1387
4449	2.001	489	3	100	100	1	100	301
4450	2.006	48	1	100	35	19	10	2092
4451	19.001	477	19	1	7	15	100	455
4452	19.001	502	100	1	7	15	100	309
4453	2.001	291	3	100	100	3	2	1819
4454	12.007	39	3	100	100	100	100	213
4455	14.001	39	13	100	100	100	100	213
4456	14.001	39	100	100	100	3	100	211
4457	34.001	407	1	100	7	3	100	3420
4458	34.029	9	1	100	7	3	100	3420
4459	2.020	39	1	100	100	2	100	213
4460	2.001	39	11	100	21	4	100	168
4461	34.001	381	3	100	7	3	100	1818
4462	14.001	39	1	100	100	100	100	63
4463	34.007	1	100	100	7	3	100	1660
4464	2.002	19	10	1	7	3	1	73
4465	60.001	89	13	1	1	176	1	5793
4466	10.001	1	8	1	1	5	100	127
4467	101.001	25	8	1	2	4	2	1229
4468	10.001	18	8	1	1	3	100	127
4469	10.001	19	9	1	9	2	100	15
4470	101.001	1	8	1	1	47	2	Ungroupable
4471	10.001	1	11	1	1	3	2	90
4472	10.001	19	11	1	1	3	100	90
4473	10.001	19	8	1	1	2	100	22
4474	10.001	19	8	1	9	5	100	348
4475	2.001	19	65	1	5	2	100	4479
4476	10.001	19	8	1	1	23	100	22
4477	10.001	19	100	1	2	5	100	348
4478	10.001	19	100	1	5	2	100	15
4479	2.001	19	100	1	5	2	100	465
4480	72.001	1	11	1	1	3	2	90
4481	10.001	19	17	1	1	3	100	22
4482	166.001	40	1	100	7	4	100	1124
4483	5.002	40	11	1	7	3	100	1615
4484	5.002	122	1	1	47	3	100	1615
4485	5.002	69	1	1	7	3	100	1615
4486	2.001	89	3	1	100	2	100	442
4487	14.001	15	1	100	100	1	100	178
4488	14.002	15	14	100	100	7	6	1061
4489	2.020	39	14	100	100	2	100	212
4490	2.060	9	11	100	100	100	100	63
4491	2.001	39	1	1	100	4	100	1478
4492	1.001	1	1	1	1	1	1	4492
4493	1.001	2	1	1	1	1	1	4492
4494	1.001	1	1	1	1	2	1	4492
4495	1.002	1	1	1	1	1	1	4492
4496	2.001	1	100	100	7	3	41	1660
4497	2.001	69	8	1	5	100	100	334
4498	5.011	69	8	1	7	3	1	Ungroupable
4499	13.001	69	8	1	1	177	100	38
4500	34.007	274	11	100	7	4	2	2477
4501	60.001	5	8	1	34	93	100	2473
4502	60.001	25	9	1	34	93	100	Ungroupable
4503	60.001	69	8	1	7	53	2	4504
4504	60.001	69	8	1	7	53	100	233
4505	60.001	69	8	1	34	93	100	2473
4506	60.001	69	9	1	7	53	100	4504
4507	60.001	69	11	1	7	53	100	1133
4508	60.001	517	8	1	7	3	100	199
4509	231.001	5	12	1	7	3	100	1143
4510	232.001	33	8	1	2	5	100	348
4511	15.002	122	100	100	100	100	100	845
6837	13.001	122	12	100	7	6	100	1340
4512	2.002	216	100	100	7	4	100	719
4538	2.062	39	1	100	100	100	100	63
4513	22.017	515	100	100	100	7	100	352
4514	19.001	40	13	100	7	4	6	426
4539	227.001	122	3	1	7	3	100	2148
4515	163.001	18	45	1	1	3	100	Ungroupable
4516	2.001	513	11	100	7	4	100	168
4540	15.001	142	100	100	100	2	6	1400
4517	2.002	511	100	100	7	4	100	719
4518	14.024	130	3	100	100	2	100	520
4541	13.001	19	13	1	7	9	100	38
4519	2.008	261	13	1	7	1	100	1560
4520	2.002	54	14	100	1	3	100	577
4542	200.001	89	3	100	7	4	100	719
4521	15.001	142	100	100	100	2	73	1400
4522	2.001	39	11	100	7	4	72	168
4543	5.002	40	1	1	7	3	2	1615
4523	19.001	5	100	100	7	15	100	309
4544	43.002	122	14	100	7	6	100	1340
4579	2.001	122	100	100	100	100	100	845
4580	2.001	1	1	1	1	45	100	151
4581	5.002	39	1	1	7	3	100	1615
4582	14.001	18	100	100	7	15	100	1308
4583	2.002	60	100	100	100	1	100	1958
4584	9.001	1	12	1	7	22	100	958
4585	2.001	513	100	100	7	4	100	427
4586	228.001	15	100	100	100	7	100	352
4587	14.001	130	14	100	100	2	100	520
4588	14.023	10	100	100	21	26	100	6912
4589	19.001	38	48	1	7	26	100	567
4590	15.001	62	100	100	100	2	74	1400
4591	2.001	1	11	1	100	2	100	442
4592	5.002	22	8	1	34	93	100	2473
4593	15.011	142	100	100	100	2	100	1400
4594	67.004	40	3	100	7	3	100	436
4595	2.001	506	3	100	7	4	100	168
4596	5.002	122	12	1	7	3	100	1387
4597	2.002	9	100	100	100	100	100	845
4598	2.002	54	13	100	1	3	100	6945
4599	229.001	33	37	1	2	5	100	348
4600	2.001	9	3	100	100	6	100	301
4601	43.002	9	1	100	7	6	100	1340
4602	10.001	25	12	1	7	5	100	25
4603	2.002	139	3	1	7	3	100	73
4604	2.001	9	1	100	100	6	100	63
4605	2.001	1	1	1	14	2	100	442
4606	2.001	506	11	100	7	4	100	168
4607	19.001	54	13	1	7	22	100	2069
4608	34.007	284	100	100	7	4	100	1124
4609	43.002	122	100	100	7	100	100	1340
4610	12.001	10	21	1	100	7	100	311
4611	2.001	1	8	100	100	100	100	63
4612	5.017	40	1	1	7	3	100	1615
4613	2.001	39	11	100	1	3	58	2934
4614	14.001	10	100	1	1	22	100	1271
4615	44.001	16	100	1	1	10	12	158
4616	13.001	19	1	1	7	24	100	1011
4617	2.001	9	4	100	100	1	100	63
4618	2.061	39	100	100	100	100	100	213
4619	15.001	508	100	100	100	2	100	1958
4620	230.001	69	100	1	1	3	100	267
4621	34.007	305	3	100	7	4	100	1124
4622	12.001	124	100	100	7	4	6	2538
4623	2.001	505	1	1	100	2	100	442
4628	2.001	9	14	100	7	3	100	1818
4629	2.002	174	14	100	1	84	100	Ungroupable
4630	2.002	252	19	100	7	4	6	6961
4631	2.008	131	13	1	2	20	100	2599
4632	14.001	58	14	100	7	20	100	1662
4633	19.001	10	100	1	7	55	100	309
4634	19.001	89	14	100	1	20	100	715
4664	14.001	15	1	100	100	1	6	2053
4666	14.002	442	6	100	100	7	6	1061
4667	2.001	5	14	1	100	2	100	442
4668	14.001	512	3	100	100	7	100	352
4669	166.001	40	100	100	7	26	100	63
4665	34.001	10	1	1	1	3	100	90
4670	14.001	473	13	1	7	22	100	1586
4671	14.001	497	100	100	1	22	100	1271
4672	14.022	495	13	100	1	22	100	3574
4673	14.001	460	100	100	1	80	100	1362
4674	14.001	503	100	1	1	49	100	1054
4675	14.001	462	3	100	1	22	100	4742
4676	11.001	10	100	1	1	49	100	1054
4677	19.001	135	12	1	7	55	100	247
4678	14.001	76	13	1	7	103	100	1586
4679	14.001	10	100	1	7	22	100	1362
4680	159.001	332	3	1	1	49	100	6366
4681	9.001	336	13	1	7	7	100	1586
4682	2.002	18	100	100	1	10	100	896
4683	14.001	54	100	1	7	22	100	1603
4684	2.001	25	100	1	1	22	100	4825
4685	14.001	10	100	100	2	10	100	352
4686	2.001	54	13	100	1	3	100	3574
4687	2.002	18	100	1	1	10	100	1627
4688	14.001	18	3	1	1	22	100	4614
4689	14.001	57	100	1	7	49	100	4679
4690	22.001	54	100	1	1	49	100	1054
4691	159.001	10	3	1	1	22	100	4614
4692	14.001	10	3	1	7	7	100	1586
4693	9.001	10	19	1	7	49	100	1054
4694	2.001	5	100	100	1	49	100	3380
4695	14.001	18	100	1	100	2	100	432
4696	14.001	57	19	100	1	22	100	1362
4697	2.001	57	14	100	1	22	100	3574
4698	14.001	57	14	100	1	49	100	1890
4699	14.001	57	13	100	1	22	100	3574
4700	159.001	10	14	1	1	22	100	1890
4701	2.001	5	14	100	1	22	100	4825
4702	22.001	76	100	1	14	2	100	1115
4703	14.001	10	100	100	7	7	100	352
4704	14.001	18	100	100	1	2	100	893
4705	159.001	163	3	1	1	22	100	6366
4706	14.001	10	14	1	7	22	100	1586
4707	2.001	5	13	100	1	49	100	4713
4708	14.001	1	13	100	1	22	100	1362
4709	14.001	54	14	100	7	22	100	1890
4710	2.001	135	8	100	1	4	100	3472
4711	2.001	5	100	1	1	4	100	1627
4712	2.002	54	3	100	1	3	100	577
4713	2.001	5	13	100	1	10	100	4713
4714	22.001	163	100	1	1	49	100	1054
4715	2.002	10	100	100	1	80	100	1271
4716	9.001	10	13	1	1	55	100	958
4717	14.001	10	61	100	2	10	100	352
4718	22.001	10	100	1	1	49	100	1054
4719	2.001	39	11	100	61	100	1	193
4720	12.001	35	8	1	2	49	100	311
4721	14.001	10	19	100	1	22	100	1271
4722	14.001	18	13	1	7	22	100	1586
4723	14.001	69	100	100	1	22	100	1271
4724	2.001	293	100	100	1	22	100	1271
4725	2.001	25	14	1	1	22	100	6804
4726	22.001	10	100	1	7	49	100	1054
4727	19.001	279	100	1	7	15	100	309
4728	2.001	171	13	100	1	90	100	6857
4729	19.001	135	3	1	7	55	100	248
4730	14.001	57	14	100	1	22	100	1362
4731	2.001	163	14	100	1	22	100	4825
4732	2.002	135	37	100	1	3	100	229
4733	14.001	10	13	100	7	22	100	1586
4734	14.001	332	100	1	1	49	100	1054
4735	14.001	277	13	100	1	4	100	5508
7035	43.002	774	100	100	7	6	100	1340
4736	14.001	10	13	1	1	22	100	1586
4737	2.002	10	100	100	1	49	100	1271
4738	2.002	163	3	100	7	22	100	719
4739	2.001	10	100	100	7	22	100	1271
4740	14.001	65	13	100	1	22	100	1362
4741	2.002	18	13	1	7	4	100	426
4742	14.001	57	3	100	1	22	100	1362
4743	14.001	10	14	1	1	22	100	1362
4744	22.001	69	42	1	1	49	100	4718
4745	14.015	10	14	100	1	22	100	1362
4746	9.001	69	14	1	1	22	100	958
4747	14.001	5	14	100	1	10	100	1890
4748	14.001	57	100	1	7	22	100	1603
4749	159.001	332	3	1	1	22	100	4749
4750	2.001	163	19	100	1	22	100	3574
4751	2.002	18	13	1	2	10	100	Ungroupable
4752	2.001	100	100	1	10	100	100	3567
4753	2.002	18	13	1	1	4	100	1627
4754	2.001	57	3	100	1	22	100	3574
4755	14.001	10	13	100	1	22	100	1271
4756	14.001	10	13	1	7	103	100	1586
4757	9.001	10	100	100	7	103	100	4757
4758	2.002	18	100	1	1	4	100	1771
4759	2.001	163	3	100	1	22	100	3574
4760	14.001	332	3	1	1	49	100	3456
4761	19.001	1	100	1	1	49	100	1054
4762	14.001	10	14	1	1	49	100	1054
4763	2.001	10	3	100	1	22	100	1271
4764	14.001	163	14	100	7	49	100	1662
4765	2.002	10	42	100	1	22	100	1271
4766	2.001	457	13	100	1	22	100	3574
4767	2.001	10	14	100	7	22	100	4825
4768	9.001	10	14	1	7	49	100	1054
4769	159.001	332	14	1	1	22	100	4749
4770	14.001	10	100	100	1	49	100	1362
4771	14.001	465	14	100	1	22	100	1362
4772	2.002	463	100	1	1	4	100	1771
4773	14.020	10	100	100	7	22	100	1367
4774	204.001	10	3	1	7	22	100	3477
4775	9.001	10	100	1	7	174	100	1054
4776	14.001	10	13	1	7	174	100	1586
4777	19.001	467	100	1	7	15	100	309
4778	14.020	10	13	100	7	22	100	5603
4779	9.001	10	100	1	7	172	100	1054
4780	14.001	461	100	100	1	22	2	1362
4781	14.001	10	100	1	7	174	100	4614
4782	14.020	10	100	100	1	22	100	1271
4783	14.020	75	3	100	7	22	100	4773
4784	2.002	467	100	100	1	22	100	1271
4785	2.002	475	100	1	7	7	100	430
4786	19.001	476	100	1	1	49	100	1054
4787	14.001	461	13	1	7	22	100	1586
4788	2.001	479	100	100	1	22	100	1271
4789	22.001	476	13	1	1	49	100	1132
4790	14.001	459	13	1	7	7	100	1586
4791	14.001	458	100	1	1	22	100	3456
4792	14.001	480	13	1	7	22	100	1586
4793	14.020	466	100	100	7	22	100	7397
4794	19.001	493	13	1	1	49	100	1583
4795	2.002	491	100	100	1	22	100	1271
4796	14.001	472	100	100	7	22	100	Ungroupable
4797	14.021	10	14	1	1	49	100	3456
4798	221.001	332	3	1	1	22	100	6366
4799	2.058	18	100	1	1	10	100	1362
4800	14.001	10	100	100	1	22	69	1362
4801	14.001	10	100	100	1	22	70	1367
4802	2.002	486	100	100	7	22	100	1362
4803	14.001	494	13	100	1	22	100	1362
4804	2.057	10	14	100	1	22	100	1362
4805	14.001	460	100	100	1	22	100	1362
4806	2.002	487	100	1	1	10	100	4758
4807	14.001	499	14	100	1	22	100	1362
6838	13.001	122	1	100	7	6	100	1340
4808	14.001	503	3	1	1	49	100	3456
4809	14.001	503	14	1	1	49	100	3456
4810	2.001	466	100	100	7	22	100	4825
4811	14.001	10	100	1	1	49	65	1054
4812	222.001	332	3	1	1	22	100	6366
4813	14.001	468	19	100	7	49	100	Ungroupable
4814	14.001	474	100	100	1	22	100	1362
4815	14.001	10	100	100	1	49	65	1362
4816	19.001	493	100	1	1	49	100	1054
4817	22.001	469	100	1	1	49	100	1054
4818	14.001	504	3	1	1	49	100	3456
4819	2.001	10	1	1	100	2	100	442
4820	5.002	15	1	100	100	7	6	1061
4821	14.001	10	6	100	100	1	100	42
4822	43.002	521	100	100	7	6	100	1340
4823	19.001	40	1	1	7	3	100	1615
4824	2.001	5	100	100	1	10	100	4713
4825	2.001	10	100	100	1	22	100	1271
4826	9.001	10	100	1	7	49	100	1054
4827	2.001	25	14	1	1	4	100	6802
4828	9.001	163	100	1	1	22	100	1054
4829	14.001	54	100	100	1	22	100	1362
4830	22.001	116	100	1	7	49	100	4718
4831	2.002	18	13	1	1	9	100	4758
4832	238.001	18	14	1	1	3	100	1215
4833	19.001	47	14	1	7	180	100	433
4834	14.001	99	100	100	100	7	100	352
4835	14.001	10	3	100	1	18	100	5508
4836	10.001	142	1	1	7	2	100	Ungroupable
4837	237.001	1	8	1	7	3	100	199
4838	5.002	19	1	1	7	3	100	1615
4839	240.001	15	1	100	100	7	6	1061
4840	34.001	9	1	100	7	26	100	3420
4841	241.001	33	100	1	2	5	100	348
4842	34.007	40	3	100	7	4	100	1124
4843	34.007	122	1	1	7	3	100	1615
4844	34.001	432	1	100	7	3	100	3420
4845	34.007	522	1	100	7	4	100	1124
4846	166.002	523	1	100	7	6	100	1857
4847	242.001	40	1	1	7	3	100	1615
4848	243.001	39	1	100	1	90	1	4848
4849	34.001	435	14	1	1	7	100	1460
4850	17.001	222	14	1	7	3	100	1387
4851	5.002	1	49	1	7	3	100	199
4852	10.001	69	8	1	7	3	100	199
4853	92.001	1	8	1	7	23	100	199
4854	121.001	1	4	1	7	3	100	199
4855	5.002	1	8	1	7	105	100	199
4856	5.004	1	8	1	7	3	100	199
4857	5.002	1	13	1	1	172	100	127
4858	5.002	1	8	1	7	172	2	199
4859	60.001	174	100	100	7	20	100	7319
4860	12.001	10	100	1	1	22	100	1362
4861	9.001	10	100	100	1	49	100	1054
4862	10.001	1	100	1	7	3	100	199
4863	10.001	1	11	1	7	3	100	90
4864	10.001	38	8	1	7	26	100	567
4865	10.001	1	17	1	1	3	100	90
4866	2.001	205	13	100	1	78	100	3574
4867	2.002	89	54	100	7	59	100	719
4868	10.001	38	17	1	7	26	100	309
4869	10.001	10	12	1	7	26	12	2147
4870	10.001	122	1	100	7	6	100	1340
4871	10.001	38	100	1	100	26	100	309
4872	120.001	1	11	1	7	3	2	1709
4873	10.001	38	100	1	7	24	100	309
4874	10.001	38	100	1	7	26	12	309
4875	43.002	122	100	100	7	1	100	1340
4876	2.002	9	13	100	7	4	100	426
4877	10.001	38	12	1	7	26	12	567
4878	60.001	1	100	1	7	3	100	1143
4879	5.002	19	65	1	1	3	100	127
4880	2.001	38	100	100	100	100	100	845
4881	11.001	54	100	100	1	22	100	1271
4882	10.001	38	8	1	7	26	12	2848
4883	2.002	10	13	100	7	3	100	436
4884	2.014	10	14	100	7	20	100	1308
4885	13.001	1	46	1	1	3	100	90
4886	19.001	368	13	100	7	26	100	Ungroupable
4887	12.001	54	12	1	34	4	100	2746
4888	70.001	54	14	100	3	100	100	Ungroupable
4889	10.001	486	100	1	7	26	12	2880
4890	2.002	133	100	100	7	4	100	719
4891	5.002	1	100	1	1	3	12	1340
4892	43.002	122	12	100	7	182	100	1340
4893	60.001	1	8	1	7	3	77	1143
4894	2.001	1	100	100	7	3	2	1660
4895	19.001	533	13	1	7	3	100	1096
4896	3.003	122	8	1	7	3	6	1816
4897	14.001	39	14	100	7	100	100	212
4898	72.002	1	11	1	7	3	100	2431
4899	10.013	1	8	1	1	3	100	127
4900	2.002	532	1	100	7	4	100	427
4901	196.001	437	11	1	23	10	100	4300
4902	72.001	1	11	1	7	3	100	90
4903	60.001	22	8	1	34	93	100	2473
4904	60.001	19	9	1	34	93	100	4903
4905	60.001	1	8	1	34	93	100	2473
4906	60.001	1	11	1	7	53	100	233
4907	2.001	40	100	1	7	3	100	1869
4908	253.001	1	3	100	7	3	100	1660
4909	2.002	54	1	100	7	22	100	5817
4910	10.001	25	1	1	2	5	100	348
4911	14.002	130	1	100	100	7	100	178
4912	5.011	1	8	1	7	3	1	199
4913	34.007	40	11	100	7	4	2	1124
4914	60.001	1	9	1	7	53	100	233
4915	60.001	531	8	1	7	3	100	1143
4916	1.001	10	4	1	100	2	100	4919
4917	1.001	10	5	1	100	2	100	4919
4918	1.001	10	6	1	100	2	100	4919
4919	1.001	10	14	1	100	2	100	7004
4920	1.001	10	100	100	100	100	100	845
4921	1.001	18	4	1	100	2	100	3117
4922	1.002	18	100	100	100	2	100	1958
4923	2.002	5	1	1	100	2	100	442
4924	2.002	5	4	100	100	2	100	1958
4925	2.002	5	8	1	100	2	100	2657
4926	2.002	5	14	100	100	2	100	1958
4927	2.002	5	100	100	100	2	100	1958
4928	2.002	18	1	100	100	2	100	1958
4929	2.002	18	8	1	100	2	100	2657
4930	2.002	19	4	100	100	2	100	3117
4931	14.001	49	13	1	7	183	100	1586
4932	14.001	40	1	1	7	3	100	1615
4933	254.001	39	3	100	100	100	100	213
4934	5.002	122	3	1	7	3	1	2148
4935	1.001	552	4	1	100	2	100	3117
4936	2.002	5	8	100	100	2	100	1958
4937	2.002	19	8	1	100	2	100	2657
4938	2.006	18	14	100	100	7	100	17
4939	2.002	552	8	100	100	2	100	4936
4940	19.001	275	100	100	100	1	100	1645
4941	2.002	19	100	1	100	2	100	1115
4942	2.002	25	14	1	100	2	100	2657
4943	2.002	25	100	1	100	2	100	2148
4944	22.001	18	1	100	100	1	100	239
4945	22.001	10	1	100	100	1	100	239
4946	22.001	18	4	100	100	2	100	1449
4947	22.001	25	100	100	100	2	61	190
4948	22.001	18	14	100	100	1	100	17
4949	22.001	54	14	100	100	1	100	1449
4950	22.001	18	100	100	100	1	100	1645
4951	22.001	552	4	1	100	2	100	1115
4952	22.001	552	5	1	100	2	100	1115
4953	22.001	552	14	1	100	2	100	1115
4954	22.003	54	100	100	100	2	100	1958
4955	22.001	18	5	1	100	2	100	1115
4956	22.001	88	4	1	100	1	100	4963
4957	19.001	19	6	100	100	1	100	1645
4958	19.001	10	4	100	100	1	100	1645
4959	22.001	5	100	100	100	2	100	190
4960	19.001	18	100	100	100	1	100	1645
4961	15.003	10	100	100	100	2	100	1958
4962	2.002	552	1	1	100	2	100	442
4963	22.001	18	4	1	100	2	100	1115
4964	100.001	5	1	100	100	2	100	867
4965	2.002	54	8	1	100	2	100	2657
4966	100.001	18	1	100	100	1	100	17
4967	100.001	552	14	100	100	1	100	17
4968	100.006	48	14	100	100	7	100	288
4969	100.001	552	14	100	6	184	100	Ungroupable
4970	100.017	18	14	100	100	1	100	17
4971	100.017	54	100	100	100	2	100	1958
4972	100.017	552	14	100	100	1	100	17
4973	100.016	89	100	100	100	100	100	845
4974	19.020	18	13	1	100	2	100	7008
4975	5.002	122	1	1	47	100	100	1615
4976	5.002	122	3	100	7	3	100	2148
4977	14.001	39	3	100	100	3	100	2885
4978	43.008	122	1	100	7	6	100	1340
4979	166.001	40	14	100	7	26	100	3333
4980	34.007	305	1	100	7	4	100	1124
4981	14.001	512	100	100	7	7	100	352
4982	3.003	39	100	100	7	100	100	211
4983	34.001	11	100	1	7	15	100	309
4984	13.001	1	100	1	7	3	100	199
4985	255.001	5	14	100	100	2	100	343
4986	2.001	9	11	100	7	3	100	3420
4987	2.002	10	13	1	100	7	100	1128
4988	2.001	1	13	1	1	52	100	409
4989	2.001	22	4	1	1	52	100	2499
4990	2.002	19	8	1	7	23	100	73
4991	2.002	19	8	1	7	39	1	73
4992	2.002	40	17	1	7	3	100	1869
4993	3.001	1	13	1	7	3	100	199
4994	5.002	1	4	1	7	3	1	199
4995	5.002	1	8	1	1	22	100	127
4996	5.002	1	9	1	7	24	100	199
4997	5.002	19	4	1	7	3	100	199
4998	5.002	19	13	1	7	3	100	199
4999	5.002	22	4	1	7	3	100	199
5000	5.002	36	48	1	7	22	100	Ungroupable
5001	5.015	36	8	1	2	24	100	501
5002	9.001	192	8	1	7	40	100	2479
5003	10.001	1	12	1	2	5	100	348
5004	10.001	1	12	1	7	3	100	1143
5005	10.001	1	12	1	7	5	100	1143
5006	10.001	1	13	1	7	5	100	1392
5007	10.001	1	19	1	7	3	100	199
5008	10.001	1	37	1	7	3	100	199
5009	10.001	36	8	1	2	5	100	348
5010	10.003	1	8	1	7	47	100	1118
5011	10.003	1	12	1	56	47	100	1698
5012	10.003	16	8	1	7	47	100	1698
5013	10.003	16	10	1	1	10	100	158
5014	10.003	22	4	1	34	52	100	2499
5015	10.003	524	8	1	7	21	100	221
5016	12.001	1	8	1	7	24	100	199
5017	12.001	22	4	1	34	93	2	2473
5018	12.001	22	8	1	1	93	100	2473
5019	12.001	22	8	1	34	53	100	2473
5020	12.001	22	8	1	34	167	100	2473
5021	12.001	22	8	1	34	169	100	2473
5022	12.001	22	9	1	34	93	100	2473
5023	12.001	22	11	1	34	93	100	2473
5024	12.001	22	14	1	34	93	100	2473
5025	12.001	22	23	1	34	93	100	2473
5026	12.001	22	100	1	34	93	100	2473
5027	12.001	36	8	1	7	24	100	501
5028	13.001	1	4	1	1	22	100	37
5029	13.001	1	12	1	1	3	100	90
5030	13.001	1	13	1	7	3	100	199
5031	13.001	1	63	1	15	39	100	Ungroupable
5032	13.001	1	71	1	7	35	100	2288
5033	13.001	22	8	1	1	22	100	37
5034	13.001	22	12	1	1	9	100	38
5035	13.001	22	12	1	34	93	100	2473
5036	13.001	36	8	1	7	53	100	497
5037	13.001	172	31	1	7	9	100	1011
5038	13.002	1	8	1	7	104	100	199
5039	13.002	1	8	1	34	3	100	199
5040	13.002	1	9	1	7	3	100	199
5041	13.002	1	10	1	7	3	100	199
5042	13.002	1	11	1	55	3	100	1696
5043	13.002	1	37	1	7	3	100	199
5044	13.002	1	48	1	21	3	100	1696
5045	13.002	19	11	1	7	3	100	1696
5046	13.009	19	11	1	1	9	100	38
5047	17.001	1	19	1	1	3	100	90
5048	18.001	1	8	1	21	24	100	428
5049	18.001	1	13	1	7	80	100	428
5050	18.001	16	12	1	7	21	100	346
5051	18.001	19	4	1	7	3	100	428
5052	18.001	19	8	1	7	22	100	428
5053	18.001	19	13	1	7	168	100	1178
5054	18.001	36	1	1	2	24	100	501
5055	18.001	36	4	1	2	24	100	501
5056	18.001	36	8	1	45	24	100	501
5057	18.001	36	14	1	2	24	100	501
5058	18.001	307	3	1	1	3	100	2482
5059	18.005	36	12	1	7	24	100	2465
5060	21.001	1	8	1	34	3	100	199
5061	21.001	19	14	1	7	3	100	1118
5062	22.001	1	4	1	1	3	100	90
5063	27.003	22	11	1	1	52	100	5063
5064	34.007	1	10	100	7	170	100	4463
5065	34.007	40	4	100	7	4	100	1124
5066	34.007	40	8	100	7	4	100	1124
5067	34.007	40	12	100	7	4	100	1124
5068	34.007	40	13	100	38	45	100	4529
5069	34.007	40	17	100	7	4	100	1124
5070	34.007	40	19	100	7	3	100	436
5071	34.007	40	26	100	7	4	100	1124
5072	34.007	40	67	100	7	34	100	1124
5073	34.007	40	100	100	7	25	100	1124
5074	34.012	40	11	100	7	4	100	1124
5075	34.019	1	100	1	7	3	100	199
5076	43.001	1	13	1	21	122	100	3293
5077	43.001	16	13	1	7	6	100	2336
5078	43.002	1	11	1	7	3	100	199
5079	43.002	1	19	1	7	3	100	199
5080	43.002	1	31	1	7	25	1	199
5081	43.002	1	100	1	1	22	100	958
5082	43.002	19	4	1	7	3	100	345
5083	43.004	1	8	1	1	22	100	37
5084	43.004	1	11	1	7	22	100	2288
5085	43.004	1	12	1	1	80	100	127
5086	43.004	1	12	1	7	22	100	1717
5087	43.007	1	11	1	7	3	100	2431
5088	60.001	1	12	1	21	3	100	1143
5089	67.003	1	11	100	7	3	100	1660
5090	103.001	1	8	1	1	165	100	127
5091	103.001	1	8	1	1	166	100	127
5092	103.001	1	10	1	1	3	100	90
5093	103.001	1	12	1	1	3	100	90
5094	120.001	1	19	1	7	3	100	199
5095	120.001	22	8	1	34	93	100	2473
5096	166.001	40	11	100	7	4	100	427
6839	14.001	10	3	100	1	4	100	5508
5099	208.001	1	12	1	7	3	100	1143
5100	209.001	1	12	1	1	24	100	127
5101	210.001	19	8	1	7	3	100	73
5102	211.001	22	4	1	34	93	100	2473
5103	213.001	1	8	1	1	121	100	127
5104	214.001	40	11	100	7	4	100	1124
5107	5.002	305	14	1	7	3	100	1387
5106	12.007	1	1	100	7	3	100	1660
5108	2.001	1	4	1	100	2	100	442
5109	2.001	39	1	100	61	100	1	213
5110	2.002	89	3	100	7	26	100	719
5112	2.002	124	100	1	7	4	6	2538
5116	2.001	1	8	1	5	100	100	409
5117	13.001	1	8	1	1	177	100	127
5119	21.001	1	8	1	1	3	100	127
5120	43.002	19	37	1	7	3	100	345
5121	13.002	16	13	1	7	3	100	1696
5123	5.002	534	8	1	7	3	100	199
5124	103.001	1	8	1	7	3	100	199
5125	13.002	1	100	1	7	3	100	199
5126	21.001	19	9	1	7	3	100	1118
5127	5.019	1	8	1	7	3	100	199
5128	13.001	1	71	1	7	22	100	2288
5129	13.011	19	13	1	1	9	100	38
5130	18.001	33	4	1	7	3	100	428
5131	103.002	1	4	1	7	3	100	199
5132	21.001	19	8	1	7	52	2	1157
5133	85.001	1	8	1	7	15	2	2454
5134	43.002	1	4	1	7	15	100	345
5135	43.002	19	26	1	7	3	100	345
5136	2.002	16	8	1	23	3	100	199
5137	14.001	1	8	1	7	3	100	199
5138	248.001	1	8	1	7	15	2	2454
5139	13.001	1	48	1	7	3	100	199
5140	21.001	113	11	1	7	3	100	1118
5141	2.002	540	100	100	1	34	100	2480
5142	245.001	1	12	1	7	3	100	1143
5143	5.014	1	13	1	7	3	100	199
5144	2.002	19	17	1	7	3	100	73
5145	10.014	33	8	1	2	5	100	348
5146	43.002	1	11	1	1	3	100	90
5147	18.001	453	12	1	7	3	100	428
5148	13.003	25	13	1	2	10	100	2467
5149	103.001	1	21	1	1	3	100	90
5150	43.002	19	37	1	7	3	1	2457
5151	103.001	1	24	1	1	3	100	90
5152	2.042	1	8	1	7	3	100	199
5153	12.001	22	8	1	34	100	100	2473
5154	5.002	1	13	1	7	18	100	199
5156	13.001	542	8	1	34	93	100	2473
5157	13.001	1	71	1	1	3	100	90
5158	21.001	19	11	1	23	23	100	2448
5159	34.007	40	11	100	7	3	100	1124
5160	239.001	25	8	1	2	10	100	2467
5161	34.007	40	8	100	7	25	100	1124
5162	34.007	1	13	1	7	3	100	199
5163	34.007	1	12	1	7	3	100	1143
5164	13.001	1	8	1	7	53	100	199
5165	34.007	40	100	1	34	3	100	3977
5166	17.001	1	13	1	1	3	100	90
5167	77.001	1	8	1	7	15	2	2454
5168	10.001	33	4	1	62	5	100	348
5169	10.003	19	8	1	7	185	100	1011
5170	43.001	1	4	1	7	186	100	514
5171	43.001	1	4	1	7	187	100	514
5172	43.001	1	11	1	1	52	78	509
5173	17.001	1	9	1	7	3	100	199
5174	18.001	553	12	1	7	23	100	Ungroupable
5175	10.001	36	11	1	2	5	100	348
5176	14.001	40	100	1	7	3	100	1869
5177	2.001	39	3	100	7	100	100	213
5178	2.001	39	100	100	100	100	1	213
5179	243.001	39	100	100	1	90	1	4848
5180	228.001	39	1	100	1	90	1	4848
5181	2.001	39	100	100	53	100	100	213
5182	9.001	9	1	100	7	100	100	63
5183	14.001	1	1	1	7	2	100	442
5184	67.003	58	1	1	7	3	100	Ungroupable
5185	5.002	163	11	1	1	3	100	127
5186	34.019	1	26	1	7	3	100	2359
5187	43.002	89	100	100	7	6	100	1340
5188	2.001	122	1	1	7	2	100	1615
5189	2.001	1	100	1	7	4	100	5323
5190	34.007	1	100	100	7	4	100	1124
5191	14.001	10	14	100	1	4	100	1362
5192	2.001	10	14	100	100	2	100	7004
5193	14.001	10	14	100	7	1	100	42
5194	14.001	10	100	1	1	20	100	1054
5195	2.001	10	19	100	7	20	100	5195
5196	2.002	54	3	100	100	2	100	1958
5197	19.001	54	3	1	7	26	100	567
5198	14.001	10	19	100	32	4	100	5508
5199	22.001	69	19	100	7	26	100	Ungroupable
5200	22.001	10	3	100	100	2	100	190
5201	2.001	101	100	1	100	1	100	5208
5202	14.001	54	14	1	100	15	100	Ungroupable
5203	19.001	18	19	1	7	20	100	1643
5204	14.001	10	100	100	100	100	100	352
5205	19.001	18	3	1	7	15	100	309
5206	9.001	69	3	1	1	22	100	958
5207	2.001	10	19	1	7	20	100	7011
5208	2.001	10	100	1	100	1	100	384
5209	19.001	18	100	1	7	2	100	309
5210	19.001	10	3	1	7	55	100	455
5211	2.002	10	14	1	1	89	100	1627
5212	2.002	69	100	100	7	4	100	719
5213	2.002	10	14	1	1	4	100	1627
5214	2.008	54	3	1	100	2	100	1749
5215	1.001	54	19	100	100	7	100	6827
5216	14.001	10	13	100	32	4	100	5508
5217	14.001	10	19	100	1	4	100	5508
5218	2.001	10	19	100	100	100	100	63
5219	2.001	9	13	100	7	3	100	3420
5220	19.001	38	3	1	7	55	100	309
5221	2.001	40	100	100	7	3	100	436
5118	2.001	1	74	100	7	3	100	1660
5222	2.001	361	3	100	100	2	100	520
5223	19.001	38	8	1	7	1	100	1096
5224	19.001	38	4	1	7	3	100	1096
5225	14.001	29	1	100	100	3	100	178
5226	14.001	105	3	100	14	2	100	1021
5227	19.001	25	12	1	21	43	100	3311
5228	19.001	47	3	1	100	17	100	433
5229	14.001	54	3	1	7	7	100	1586
5230	19.001	135	13	1	7	15	100	1096
5231	2.002	29	1	100	100	7	100	178
5232	19.001	16	1	100	7	15	100	53
5233	19.001	16	1	1	7	15	100	309
5234	14.001	365	1	100	100	7	2	178
5235	103.002	25	14	100	7	43	100	3589
5236	14.001	54	100	100	100	7	100	352
5237	2.014	10	13	100	100	20	100	4353
5238	2.002	115	100	100	1	22	1	1271
5239	19.001	38	12	1	7	6	100	309
5240	19.001	48	100	1	100	20	100	2072
5241	1.001	1	1	2	1	1	1	4492
5242	14.001	568	13	100	1	4	2	5508
5243	60.001	1	8	1	21	3	100	1143
5244	2.001	10	100	100	6	4	100	1367
5245	2.002	378	14	100	100	2	100	1958
5246	153.001	10	13	100	1	4	100	1771
5247	60.001	16	13	1	21	6	100	5077
5248	60.001	36	37	1	2	24	100	501
5249	2.064	69	100	100	100	2	100	1958
5250	2.065	40	3	100	7	4	100	427
5251	9.001	503	100	1	1	49	100	1054
5252	5.002	1	1	1	100	2	100	442
5253	14.001	18	3	100	7	188	100	362
5254	2.001	10	13	100	100	17	100	2082
5255	14.001	512	3	100	7	7	100	468
5256	2.002	38	100	100	7	3	100	436
5257	19.001	10	3	100	7	17	100	3477
5258	43.002	40	11	100	7	6	100	1340
5259	103.002	47	3	1	7	17	100	433
5260	103.002	24	3	1	7	15	100	4422
5261	9.001	346	14	1	1	20	100	960
5262	14.001	512	3	100	7	3	100	6761
5263	2.002	40	13	1	7	3	100	470
5264	5.021	39	3	1	7	3	100	2148
5265	258.001	39	11	100	100	100	100	213
5266	259.001	142	100	100	100	2	100	1400
5267	2.066	1	1	1	100	2	100	442
5268	2.067	10	100	100	100	2	100	1958
5269	5.002	569	8	1	7	3	6	1816
5270	2.001	570	54	100	100	100	100	213
5271	1.001	571	100	100	100	1	100	20
5272	14.001	572	3	100	100	2	100	520
5273	5.002	573	1	1	7	3	100	1615
5274	2.001	574	11	100	100	100	100	213
5275	2.002	575	3	1	7	3	100	73
5276	2.008	576	3	1	2	71	6	Ungroupable
5277	93.001	577	3	100	100	100	100	2655
5278	22.001	578	100	100	100	7	100	84
5279	68.001	579	100	100	1	2	100	Ungroupable
5280	1.005	5	100	100	100	1	79	20
5281	153.001	18	14	100	22	1	80	Ungroupable
5282	123.001	69	13	100	1	26	100	2726
5283	44.001	16	1	100	1	10	100	158
5284	5.002	9	1	1	7	3	100	1615
5285	34.007	40	14	100	7	4	100	1124
5286	9.001	1	3	1	1	3	100	127
5287	2.045	368	13	100	100	100	100	467
5288	2.001	9	100	100	100	1	100	845
5289	2.001	222	4	1	7	3	100	1969
5290	2.002	40	100	100	7	162	100	427
5291	43.002	130	100	100	7	6	100	1340
5292	2.001	39	3	100	7	3	100	1660
5293	2.001	39	11	1	7	4	100	168
5294	93.001	259	100	100	100	100	100	2655
5295	43.008	54	1	100	7	6	100	539
5296	5.002	40	100	100	7	3	100	436
5297	5.002	122	3	1	7	3	5	2148
5298	9.009	39	3	100	100	100	100	213
5299	5.002	222	1	1	47	3	100	1615
5300	5.002	39	3	100	7	3	100	2148
5301	166.001	40	3	100	7	4	100	427
5302	9.001	25	1	1	100	2	6	3035
5303	2.001	40	8	1	7	3	100	1869
5304	5.002	161	1	1	7	3	100	1615
5305	93.001	25	1	100	100	100	100	63
5306	5.002	122	100	100	7	6	100	1340
5307	43.002	122	1	100	100	6	100	1340
5308	13.001	19	8	100	1	9	100	38
5309	19.001	64	8	1	7	43	100	3311
5310	93.001	25	100	100	100	100	100	2655
5311	5.002	161	100	100	100	2	100	190
5312	15.001	62	100	100	100	7	100	1400
5313	2.001	54	1	100	100	2	100	63
5314	5.002	40	64	1	7	3	100	1615
5315	43.002	40	64	1	7	3	100	1869
5316	34.007	305	13	100	7	4	100	426
5317	5.002	356	1	1	7	3	100	1615
5318	2.001	15	1	1	100	2	100	442
5319	3.003	39	11	100	100	100	100	213
5320	34.007	40	100	100	100	2	100	1124
5321	1.001	6	100	100	100	1	100	20
5322	18.001	36	9	1	2	24	100	501
5323	2.001	1	1	1	7	138	100	1898
5324	2.002	18	14	100	7	41	100	1202
5325	34.007	38	100	1	7	4	100	1124
5326	2.001	89	1	100	7	3	100	3420
5327	2.002	122	14	100	7	6	100	1340
5328	43.002	39	100	100	7	6	100	1340
5329	2.001	407	1	100	7	3	100	3420
5330	1.019	5	100	100	100	1	100	20
5331	34.007	523	1	100	7	6	100	539
5332	2.001	89	1	100	100	100	100	63
5333	19.001	378	12	1	7	26	100	247
5334	2.001	1	3	100	7	3	100	1660
5335	103.002	38	12	1	7	15	100	309
5336	12.004	1	100	1	1	3	100	127
5337	5.002	40	1	1	7	100	100	1615
5338	22.001	14	14	100	100	2	100	1449
5339	2.001	9	100	100	7	3	100	1660
5340	17.001	122	3	1	7	3	100	2148
5341	260.001	222	14	1	7	3	100	1387
5342	5.002	122	13	1	7	188	100	1387
5343	5.002	521	14	1	7	3	100	1387
5344	72.001	9	1	100	7	3	100	3420
6840	14.001	10	3	1	1	49	100	1054
5345	2.002	554	1	1	100	2	100	442
5346	22.001	559	4	1	100	2	100	1115
5347	100.001	556	14	100	100	1	100	17
5348	2.002	555	8	100	100	2	100	4936
5349	22.001	559	14	1	100	2	100	1115
5350	100.018	560	14	100	100	1	100	1458
5351	100.019	54	100	100	100	2	100	1958
5352	100.018	557	14	100	100	1	100	Ungroupable
5353	2.001	48	13	1	7	20	100	2246
5354	19.001	301	100	1	7	3	100	309
5355	19.001	38	13	1	7	1	2	1096
5356	14.001	9	1	100	100	1	100	63
5357	5.001	1	8	1	7	3	2	199
5358	5.002	39	3	1	7	3	2	2148
5359	34.007	1	100	100	7	3	2	1660
5360	60.002	40	4	1	7	4	100	Ungroupable
5362	5.002	1	13	1	1	104	2	4392
5363	103.002	38	100	1	7	20	100	309
5364	2.002	38	4	1	7	3	1	2429
5365	2.001	39	100	100	7	4	2	168
5366	9.001	15	1	100	100	2	100	3043
5367	2.006	14	19	100	100	1	100	2018
5368	14.001	10	13	100	7	19	10	4353
5369	21.001	49	13	100	7	20	100	1662
5370	19.001	5	12	1	7	15	100	309
5371	34.007	54	13	100	7	20	100	6696
5372	34.007	40	100	100	7	4	2	1124
5373	14.001	19	3	1	7	3	2	416
5375	2.001	587	14	100	7	3	100	1660
5376	21.001	1	11	1	7	8	100	1118
5377	2.002	588	3	100	7	3	100	436
5378	44.001	130	3	100	100	2	100	520
5379	22.001	589	100	100	100	7	100	84
5380	93.001	590	3	100	100	100	100	2655
5381	2.002	89	100	100	7	189	100	719
5382	14.001	130	1	1	100	2	100	442
5383	38.002	39	11	100	100	100	100	213
5384	2.002	89	14	100	1	22	1	3409
5385	11.001	54	100	100	21	20	100	7319
5386	2.001	1	81	100	7	3	100	1660
5387	2.001	39	1	100	1	22	1	2906
5388	2.002	591	1	100	100	7	100	3901
5389	264.001	40	1	100	7	4	100	2206
5390	60.001	592	14	100	7	4	100	1203
5391	2.002	216	100	100	7	4	6	719
5392	9.001	10	3	100	2	46	100	6817
5393	2.001	39	1	100	7	4	65	168
5394	198.004	587	14	100	7	3	100	5375
5395	43.002	122	1	100	7	100	100	1340
5396	266.001	39	3	100	100	100	100	213
5397	2.001	594	13	1	7	3	100	517
5398	72.001	19	12	1	1	10	100	1216
5399	34.033	15	1	100	100	7	6	1061
5400	60.001	10	13	100	7	4	100	426
5401	34.001	9	3	100	7	3	100	3420
5402	18.001	1	100	1	7	2	100	428
5403	14.001	39	12	100	100	100	100	2885
5404	5.002	222	1	1	7	3	2	1615
5405	60.001	19	4	1	7	9	100	1151
5406	60.001	19	12	1	7	3	100	1143
5407	166.001	40	12	100	7	4	100	427
5408	34.019	307	12	1	7	3	100	199
5409	1.001	222	11	1	7	3	100	2431
5410	266.001	1	11	1	1	9	100	90
5702	22.001	10	100	1	100	2	100	190
5411	5.002	222	11	1	7	3	100	2431
5412	22.001	5	14	100	100	7	100	343
5413	2.001	40	1	1	7	3	1	1869
5414	2.001	40	14	1	7	3	100	1387
5415	14.001	39	35	100	100	100	100	2885
5416	2.002	598	100	100	7	4	100	719
5417	22.001	76	13	1	1	49	2	1518
5419	268.001	122	13	100	7	3	100	5780
5420	2.001	1	1	1	100	2	12	442
5421	269.001	361	100	100	100	2	100	1400
5422	3.003	593	100	100	7	100	100	6443
5423	5.002	597	14	1	7	3	100	1387
5424	5.022	1	13	1	1	3	2	4392
5425	76.006	25	3	100	100	100	1	182
5426	1.005	5	100	100	100	1	80	20
5427	101.001	600	8	1	2	4	2	1135
5428	14.001	130	14	1	100	2	100	432
5429	14.001	274	14	1	7	3	100	1387
5430	14.001	512	100	100	100	7	100	352
5431	15.001	15	100	100	100	2	100	1958
5432	15.001	5	100	100	63	2	100	1400
5433	19.001	261	14	1	7	3	100	3099
5434	19.001	40	1	1	7	3	2	1869
5435	19.001	47	3	1	7	191	100	433
5436	19.001	54	100	1	7	55	100	309
5437	2.001	1	1	1	100	190	100	442
5438	2.001	1	1	1	100	2	6	442
5439	2.001	1	13	100	7	3	100	1660
5440	2.001	274	1	100	100	100	100	63
5441	2.001	39	11	100	7	4	12	168
5442	2.001	40	1	1	7	1	100	1869
5443	2.001	54	3	100	1	10	100	3574
5444	2.001	570	100	100	100	100	100	845
5445	2.001	9	3	100	7	100	100	301
5446	2.068	9	3	100	100	100	100	301
5447	2.069	9	8	100	100	100	100	63
5448	267.001	39	11	100	7	4	100	168
5449	34.001	136	11	1	1	3	100	90
5450	5.002	122	8	100	7	3	100	199
5451	5.002	5	14	1	7	3	100	1387
5453	9.009	39	100	100	100	100	100	213
5454	2.002	163	100	100	1	102	100	1271
5455	2.002	40	13	100	7	7	100	426
5456	2.002	54	13	100	5	7	100	6945
5457	9.001	10	8	100	2	46	1	638
5458	5.023	122	3	1	7	3	100	2148
5459	2.001	39	3	100	64	100	100	213
5460	2.001	39	1	100	100	100	2	63
5461	44.001	122	3	1	1	10	100	158
5462	2.001	9	1	100	22	100	100	63
5463	2.001	9	100	100	100	175	100	845
5464	34.001	381	1	100	7	3	5	1818
5465	34.001	407	1	1	7	3	100	5536
5466	34.007	122	100	100	7	6	100	1340
5467	34.007	305	100	100	7	6	100	1124
5468	34.007	40	100	100	7	2	100	1124
5469	43.002	122	100	100	7	192	100	1340
5470	5.002	122	3	1	7	3	6	2148
5471	5.002	122	1	100	7	143	100	1615
5472	5.002	222	1	100	7	143	100	1969
5473	5.002	274	14	1	7	3	100	1387
5474	5.002	39	3	100	100	100	100	213
5475	5.002	446	1	1	7	3	100	1615
5476	93.001	259	1	100	100	100	100	2655
5477	93.001	259	3	100	100	100	12	2655
5478	94.001	599	100	100	10	2	2	1887
5479	14.001	130	3	100	100	2	2	520
5480	2.002	9	1	100	100	2	100	63
5481	34.007	122	13	100	7	3	100	4529
5482	34.007	122	8	100	7	6	100	1340
5483	43.002	122	9	100	7	6	100	1340
6841	14.001	10	11	100	1	22	100	1271
5484	43.002	39	1	100	7	4	100	168
5485	43.002	39	11	100	7	4	100	168
5486	5.002	122	1	1	7	6	100	1615
5487	9.001	10	8	100	2	46	13	638
5488	34.007	40	100	1	7	4	100	1124
5489	22.001	10	14	100	1	22	100	1362
5490	2.070	39	11	100	100	100	100	213
5491	14.021	130	3	100	100	2	100	520
5492	2.001	9	3	100	1	3	2	1819
5493	5.002	122	14	1	47	3	100	1387
5494	13.001	19	11	100	100	100	100	193
5495	5.002	40	100	1	7	4	100	1869
5496	14.001	9	3	100	100	100	100	301
5497	2.001	1	1	1	100	45	100	442
5498	2.008	54	4	1	7	22	100	6992
5499	2.001	203	1	1	100	1	100	2047
5500	166.001	1	1	1	100	2	100	442
5501	2.054	1	1	1	100	2	100	442
5502	2.001	330	14	1	100	100	100	754
5503	2.001	330	1	1	100	100	100	63
5504	19.001	69	100	100	7	20	100	7319
5505	166.001	402	6	100	7	4	100	3333
5506	166.001	402	1	100	7	4	100	2206
5507	166.001	42	100	100	10	2	100	231
5508	14.001	10	13	100	1	4	100	1771
5509	2.001	42	14	1	100	1	100	754
5510	153.001	18	100	100	100	1	100	1645
5512	2.002	54	14	100	1	100	100	577
5513	2.002	105	100	100	100	2	100	1958
5514	166.001	402	100	100	7	4	100	427
5515	166.001	40	14	100	7	4	100	427
5516	2.001	40	1	100	100	1	100	63
5517	34.007	54	13	100	7	4	100	426
5518	13.001	54	12	100	7	6	100	1220
5519	2.024	133	100	100	7	48	100	719
5520	18.001	5	31	1	7	3	100	428
5521	34.001	486	100	14	57	3	100	Ungroupable
5522	10.001	532	1	1	7	26	12	4874
5523	2.002	532	24	100	7	4	100	1804
5524	10.013	122	1	100	7	6	100	1340
5525	34.001	38	11	1	7	26	100	567
5526	60.001	89	14	100	7	4	100	719
5527	2.002	532	17	100	7	4	100	427
5528	43.002	122	100	100	7	6	12	1340
5529	10.001	486	100	1	7	26	100	2880
5530	10.001	38	11	1	7	26	100	567
5531	2.002	602	100	100	10	2	100	231
5532	10.001	1	7	1	7	3	100	199
5533	34.007	1	8	100	7	4	100	1124
5534	34.001	486	100	1	7	3	100	2359
5535	10.001	1	1	1	7	3	100	199
5536	34.001	1	8	1	7	3	100	199
5537	120.001	1	100	1	7	3	100	199
5538	270.001	25	8	1	7	43	100	3311
5539	19.001	18	19	1	7	2	100	1632
5541	271.001	40	3	100	7	4	100	427
5542	12.007	25	11	100	7	3	4	Ungroupable
5543	10.001	10	12	1	7	26	100	567
5544	34.034	9	100	100	100	6	100	845
5545	2.002	122	3	1	7	3	100	2148
5546	166.001	40	13	100	7	4	100	426
5547	272.001	222	1	1	7	3	100	1615
5548	2.002	9	1	100	7	3	100	436
5549	274.001	33	100	1	2	5	100	348
5550	2.001	1	1	1	7	138	2	5323
5551	2.002	40	100	100	7	3	6	436
5552	166.001	40	1	100	7	100	100	2206
5553	13.001	289	14	1	7	3	100	1179
5554	60.001	47	12	1	7	3	100	1143
5555	60.001	1	4	1	1	3	100	90
5556	60.001	22	8	1	34	24	100	2473
5557	60.001	89	100	1	7	3	1	5793
5558	60.001	1	100	13	7	3	100	233
5559	60.001	22	8	1	34	24	2	4903
5560	60.001	22	8	1	34	93	2	2473
5561	5.002	603	1	1	1	3	2	151
5562	3.003	39	100	100	7	3	100	1660
5563	34.007	40	11	100	7	25	100	1124
5564	34.007	274	1	100	7	4	100	1124
5565	13.001	122	100	1	7	3	100	1387
5566	34.007	305	100	100	100	4	100	1124
5567	34.007	512	3	100	7	3	100	6028
5568	34.001	9	11	100	7	3	100	3420
5569	34.001	1	11	1	1	9	100	90
5570	9.001	9	3	100	7	100	100	301
5571	2.001	15	3	1	100	2	100	442
5572	2.008	54	14	100	100	1	100	1749
5573	2.001	40	21	1	7	3	100	1869
5574	2.001	361	3	1	100	2	100	442
5575	237.001	47	100	1	7	78	100	1319
5576	44.001	16	10	1	7	45	100	158
5577	15.003	10	100	100	1	3	100	1271
5578	2.002	69	100	100	1	26	100	1271
5579	19.001	25	14	1	7	140	100	639
5580	9.001	10	13	100	2	46	100	638
5581	2.008	54	1	100	100	2	6	1749
5582	19.001	69	100	1	7	26	100	309
5583	2.001	18	13	1	7	3	100	517
5584	2.022	19	4	1	25	10	100	5584
5585	9.001	10	100	1	1	22	100	1054
5586	2.002	54	54	100	1	59	100	625
5587	10.001	54	100	100	7	20	100	7319
5588	208.001	532	17	100	7	4	100	5527
5589	14.002	15	100	100	100	7	6	1061
5590	14.002	29	1	100	100	3	100	178
5591	60.001	22	12	1	34	93	100	2473
5592	18.001	174	8	1	7	15	100	428
5593	60.001	54	14	100	7	20	100	6696
5594	2.002	122	100	1	7	3	100	1387
5595	44.001	282	1	1	1	10	100	158
5596	34.006	69	100	100	7	18	8	Ungroupable
5597	2.008	54	1	100	100	1	100	1645
5598	14.001	39	1	1	7	3	100	1615
5599	2.001	40	1	1	100	3	100	1869
5600	34.036	381	1	100	7	3	100	1818
5601	2.001	54	3	100	100	2	100	1958
5602	2.002	10	13	100	100	7	100	352
5603	2.002	10	13	100	7	4	100	426
5604	2.002	38	100	100	7	40	100	436
5605	9.001	10	37	100	7	103	100	4757
5606	19.001	166	100	1	7	131	100	455
5607	2.002	89	14	100	7	103	100	719
5608	2.001	5	3	100	2	40	100	5608
5609	2.008	346	100	1	2	131	6	5609
5610	2.001	54	3	100	2	10	100	Ungroupable
5611	2.002	89	13	100	7	40	100	719
5612	19.001	10	100	1	7	17	100	309
5613	2.001	54	14	100	2	40	100	5639
5614	2.002	54	100	100	100	7	100	1958
5615	19.001	10	100	1	7	131	100	309
5616	9.001	10	14	100	7	103	100	4757
5617	2.001	5	100	100	2	40	100	5608
5618	11.001	10	100	100	7	103	100	4757
5619	2.002	89	3	100	7	40	100	719
5620	9.001	10	3	1	7	103	100	4757
5621	2.002	89	100	100	7	40	100	719
5622	2.001	89	14	100	7	4	100	719
5623	2.001	54	100	100	1	49	100	3574
5624	19.001	166	100	1	7	49	100	1632
5625	2.002	54	100	100	2	10	100	1958
5626	19.001	54	37	1	7	26	100	1641
5627	2.002	89	100	100	7	49	100	719
5628	2.002	10	100	100	7	40	100	719
5629	2.002	1	13	100	1	10	100	4713
5630	11.001	10	100	1	7	103	100	4757
5631	19.001	89	100	100	7	17	100	719
5632	2.001	5	14	100	100	2	100	343
5633	19.001	5	14	1	7	40	100	2057
5634	2.002	89	37	100	7	26	100	719
5635	19.001	5	100	1	7	40	100	309
5636	103.001	89	3	1	7	131	100	Ungroupable
5637	2.001	5	100	100	7	40	100	1660
5638	2.001	5	100	1	7	40	100	2057
5639	2.001	54	14	100	7	40	100	3596
5640	2.001	89	37	100	7	26	100	2537
5641	22.001	76	14	1	1	49	100	4718
5642	2.002	69	3	100	7	4	100	719
5643	14.001	54	13	100	1	90	100	6857
5644	237.001	18	100	100	7	18	100	7499
5645	44.001	16	11	1	1	45	100	158
5646	34.001	9	1	100	7	3	2	3420
5647	43.002	1	14	100	7	3	100	1660
5648	19.001	47	13	1	7	78	100	2351
5649	5.002	1	37	1	1	3	100	127
5650	2.001	39	1	100	1	4	100	168
5651	12.001	35	3	1	1	8	100	209
5652	166.001	89	100	100	7	20	100	719
5653	19.001	1	3	1	7	43	100	6652
5654	19.001	222	100	1	7	3	100	2359
5655	2.002	18	100	100	7	22	100	436
5656	5.002	10	3	100	1	3	100	264
5657	237.001	1	100	1	7	25	100	2359
5658	60.001	19	11	1	21	15	100	Ungroupable
5659	60.001	22	11	1	34	93	100	2473
5660	60.001	1	11	13	7	3	100	233
5661	34.001	69	100	100	7	18	8	Ungroupable
5662	5.002	39	3	1	7	143	100	2148
5663	19.022	11	100	100	100	2	100	1958
5664	14.001	610	4	100	1	4	100	6839
5665	2.072	10	19	100	7	90	100	5195
5666	2.002	89	14	100	7	40	100	719
5667	19.001	607	37	1	7	26	100	567
5668	19.001	605	14	1	7	131	100	1223
5669	9.001	606	100	1	1	49	100	1054
5670	19.021	605	3	1	7	131	100	Ungroupable
5671	9.001	612	100	1	1	49	100	1054
5672	2.002	611	100	100	7	40	100	719
5673	277.001	1	14	1	1	22	100	958
5674	277.001	1	12	1	1	22	100	958
5675	277.001	1	3	1	1	22	100	958
5676	2.002	89	14	100	7	194	100	719
5677	2.001	54	13	100	1	196	100	3574
5678	9.001	10	100	100	7	195	100	4757
5679	277.001	1	100	1	1	22	100	958
5680	2.071	54	100	1	7	26	100	1641
5681	14.001	368	100	100	100	7	82	352
5682	15.003	275	14	100	65	26	100	Ungroupable
5683	2.014	54	13	1	66	20	100	1238
5684	19.001	47	3	1	7	193	100	433
5685	2.001	1	1	1	67	2	100	442
5686	2.073	42	100	100	10	2	100	231
5687	14.001	608	13	100	2	26	100	Ungroupable
5688	60.001	622	100	100	7	20	100	1676
5689	14.001	39	100	100	100	100	2	211
5690	14.001	10	3	100	1	20	100	5508
5691	184.001	48	3	100	14	7	12	Ungroupable
5692	2.001	5	100	100	7	3	100	1660
5693	2.002	604	1	100	7	4	100	427
5694	2.002	10	13	1	100	100	6	Ungroupable
5695	2.001	54	14	100	100	2	100	1958
5696	2.008	18	14	100	100	1	100	17
5697	14.001	430	14	1	100	7	100	288
5698	2.002	10	100	100	100	7	8	352
5699	2.001	54	3	100	100	1	100	301
5700	19.001	337	100	100	100	1	100	1645
5701	14.001	57	3	100	100	2	100	520
5703	19.001	42	100	100	100	1	100	1645
5704	22.001	9	12	1	100	2	100	1115
5705	22.001	163	100	1	100	2	100	1115
5706	22.001	57	100	1	100	2	100	1115
5707	14.001	18	100	100	100	1	100	42
5708	14.001	18	8	100	100	2	100	893
5709	19.001	512	100	100	100	1	100	1645
5710	2.002	81	13	100	100	2	100	1958
5711	12.001	54	100	1	100	7	100	311
5712	2.002	54	100	100	100	100	100	1958
6842	14.001	10	13	1	7	15	100	455
5713	34.001	122	100	1	7	3	83	3018
5714	198.005	532	17	100	7	4	100	5527
5715	10.001	609	11	1	7	26	12	Ungroupable
5716	276.001	89	14	100	7	4	100	719
5717	19.001	628	100	100	100	1	100	1645
5718	14.027	81	100	100	100	2	100	1958
5719	22.001	627	100	1	100	2	100	1115
5720	14.001	10	100	100	100	197	100	352
5721	19.001	631	100	100	100	1	100	1645
5722	14.001	10	3	100	100	197	100	42
5723	2.002	629	3	100	100	100	100	182
5724	14.027	81	14	100	100	2	100	645
5725	22.001	630	100	1	100	2	100	1115
5726	280.001	39	100	100	100	100	100	213
5727	281.001	222	1	1	7	3	100	1615
5728	5.002	597	1	1	7	3	100	1615
5729	282.001	222	1	1	7	3	100	1615
5730	18.001	36	16	1	2	24	2	501
5731	279.001	40	100	100	7	4	100	427
5732	5.024	122	3	1	7	3	100	2148
5733	34.007	305	3	100	100	4	100	4842
5734	34.001	1	11	100	1	3	2	90
5735	2.002	42	37	100	10	2	100	1958
5736	44.001	614	10	1	1	10	100	158
5737	2.002	39	3	100	100	100	2	2885
5738	2.001	130	3	100	100	100	2	182
5739	2.001	9	100	100	1	1	100	845
5740	2.001	40	1	100	7	3	100	1869
5741	2.001	222	100	1	7	3	75	3866
5742	2.001	39	100	100	100	3	100	213
5743	2.001	620	1	1	100	2	100	442
5744	2.001	9	1	100	7	1	100	63
5745	2.001	137	1	1	100	2	100	442
5746	2.001	39	4	100	7	4	100	168
5747	2.001	222	1	1	7	3	100	1615
5748	2.001	10	3	100	1	30	100	4825
5749	2.001	597	14	1	7	3	100	1387
5750	2.002	40	3	100	7	26	100	427
5751	2.002	618	1	100	100	7	100	3901
5752	2.002	40	1	1	7	3	100	1869
5753	2.002	616	4	100	100	7	100	2041
5754	2.002	615	3	100	100	2	100	893
5755	2.002	19	11	100	1	18	100	2209
5756	5.002	1	12	1	1	25	2	477
5757	5.002	40	10	1	7	3	100	1615
5758	5.002	222	100	100	7	1	100	5758
5759	5.002	222	11	1	7	1	100	2431
5760	5.002	39	1	1	7	2	100	1615
5761	5.002	15	1	1	1	23	100	151
5762	5.002	222	11	1	7	23	100	2431
5763	5.002	137	3	1	7	3	100	2148
5764	10.001	33	37	1	2	7	100	348
5765	12.001	10	100	1	1	3	100	26
5766	12.001	9	1	100	100	100	100	63
5767	13.001	19	100	100	1	9	100	38
5768	13.001	19	21	1	7	9	100	38
5769	14.001	621	3	100	7	100	2	Ungroupable
5770	14.001	47	3	1	7	113	100	433
5771	14.026	5	100	100	100	7	100	352
5772	19.001	159	3	1	7	26	100	567
5773	19.001	274	1	100	7	20	100	7313
5774	19.001	25	21	100	100	2	100	370
5775	19.001	38	46	1	7	26	100	567
5776	22.001	268	100	100	100	100	100	190
5777	34.001	1	21	1	1	3	100	90
5778	34.001	1	19	1	1	3	100	90
5779	34.007	1	1	100	7	3	100	1660
5780	34.007	40	13	100	7	3	100	426
5781	34.007	40	1	1	7	3	100	1615
5782	43.002	40	100	100	7	3	100	136
5783	44.001	16	10	1	1	71	100	158
5784	44.001	40	1	1	7	3	100	1615
5785	76.007	25	3	100	100	100	2	2655
5786	92.001	38	3	1	7	23	100	248
5787	93.001	25	31	100	100	100	2	2655
5788	94.001	613	100	100	10	2	100	231
5789	100.006	619	100	100	7	4	100	6987
5790	198.006	40	100	1	7	3	100	1869
5791	208.002	305	14	100	7	4	100	5285
5792	278.001	3	1	100	100	2	100	307
5793	60.001	89	13	1	7	3	1	5793
5794	15.001	62	82	100	100	2	100	1400
5795	2.002	626	13	100	100	2	100	5513
5796	2.074	54	100	1	7	20	100	1641
5797	215.002	33	100	1	2	5	100	348
5798	265.001	1	8	1	7	3	100	199
5799	60.001	623	14	100	1	20	100	7567
5800	67.005	624	100	100	7	3	100	436
5801	93.001	625	3	100	100	100	100	2655
5802	14.025	29	1	100	100	7	2	178
5803	91.001	512	3	100	7	3	100	5262
5804	2.001	39	11	100	7	26	1	5804
5805	12.001	35	100	1	100	1	100	311
5806	9.001	75	13	1	1	22	100	958
5807	22.001	76	100	1	100	2	100	1115
5808	14.028	10	100	100	100	7	100	352
5809	14.001	10	13	1	100	7	100	1586
5810	22.001	10	3	1	100	2	100	1115
5811	34.007	40	100	100	7	55	100	1124
5812	5.002	222	3	1	7	4	100	2148
5813	34.007	1	4	1	7	3	100	199
5814	5.002	1	4	1	34	3	100	199
5815	13.001	1	100	1	21	3	100	1179
5816	5.014	1	11	1	7	47	100	1698
5817	2.002	54	100	100	7	4	100	1958
5818	19.001	18	14	1	7	102	100	1632
5819	14.001	10	14	100	1	49	100	1362
5820	14.001	171	100	100	1	22	100	1362
5821	2.008	40	100	100	7	4	100	427
5822	19.001	18	100	1	7	49	100	309
5823	9.001	10	100	100	1	22	100	1271
5824	14.001	10	13	1	1	2	100	1603
5825	2.001	39	13	100	61	100	1	2958
5826	14.001	641	3	100	100	100	100	2885
5827	5.002	105	1	1	7	3	100	1615
5828	14.002	15	14	100	100	26	6	1061
5829	10.001	38	16	1	7	26	100	309
5830	19.001	368	100	100	7	26	100	3348
5831	2.002	54	100	100	1	26	100	5817
5832	2.001	39	100	100	7	3	100	1660
5833	166.001	40	14	100	7	100	100	3333
5834	60.001	1	13	1	7	181	100	233
5835	60.001	1	16	1	7	3	100	1143
5836	60.001	1	8	1	7	181	100	1143
5837	60.001	1	16	1	7	181	100	233
5838	34.012	40	13	100	7	4	100	426
5839	223.002	587	14	100	7	3	100	5375
5840	34.007	40	60	100	7	4	100	1124
5841	34.007	9	1	100	7	4	100	1124
5842	60.001	1	21	1	7	3	77	233
5843	34.001	16	3	1	1	5	100	250
5844	10.001	89	100	100	7	5	100	719
5845	237.001	47	8	1	7	3	100	199
5846	92.001	1	21	1	7	23	100	Ungroupable
5847	13.002	25	21	1	7	3	100	1696
5848	21.001	40	4	1	7	4	100	2260
5849	10.001	89	100	100	7	4	100	719
5850	10.001	38	3	1	7	26	12	2880
5851	34.006	69	100	100	1	3	8	Ungroupable
7036	14.002	29	14	100	100	7	6	1061
5852	237.001	1	26	1	7	3	100	199
5853	10.001	47	31	1	34	5	100	Ungroupable
5854	27.002	89	4	100	34	5	100	Ungroupable
5855	34.001	1	3	100	7	20	100	5879
5856	72.001	16	11	1	1	10	100	158
5857	10.001	587	14	100	7	3	100	5375
5858	72.005	38	8	1	7	26	100	567
5859	34.007	40	100	1	7	3	100	1869
5860	34.001	130	21	100	1	3	100	1925
5861	13.002	1	48	1	7	3	100	199
5862	237.001	1	4	1	7	3	100	199
5863	265.001	1	8	1	7	5	100	199
5864	34.001	22	8	1	34	93	100	2473
5865	2.001	587	100	100	7	3	100	1660
5866	34.001	16	100	1	1	10	100	158
5867	237.002	40	21	100	7	23	100	Ungroupable
5868	18.001	25	100	1	7	43	100	3311
5869	237.001	1	100	1	7	3	100	199
5870	13.002	25	11	1	7	53	100	497
5871	92.001	40	8	1	7	4	100	1266
5872	286.001	587	14	100	7	3	100	5375
5873	10.001	25	11	1	7	3	100	319
5874	237.001	1	12	1	7	3	100	1143
5875	9.001	19	100	1	7	3	100	73
5876	34.001	9	1	100	7	4	100	3420
5877	166.001	40	100	100	7	3	100	436
5878	34.001	1	12	1	7	3	100	1143
5879	34.001	405	100	100	7	20	100	1676
5880	92.001	1	21	1	69	23	100	Ungroupable
5881	13.002	1	12	1	38	3	100	1696
5882	34.001	405	8	100	7	20	100	5879
5883	34.007	40	31	100	7	4	100	1124
5884	60.001	1	11	1	7	5	100	233
5885	237.001	22	8	1	34	93	100	2473
5886	265.001	1	11	1	7	5	100	5863
5887	5.002	33	31	1	7	3	100	1387
5888	34.001	40	100	100	7	3	100	436
5889	289.001	587	100	100	7	3	100	1660
5890	287.001	1	55	1	7	3	100	233
5891	60.002	40	4	1	7	5	100	Ungroupable
5892	34.007	124	14	100	1	3	100	4520
5893	2.002	105	100	100	1	10	100	464
5894	43.002	122	100	100	7	53	100	1340
5895	237.001	1	55	1	7	3	100	199
5896	34.001	9	100	100	7	4	100	1124
5897	5.002	33	100	1	7	3	100	199
5898	2.002	25	4	1	7	53	100	497
5899	34.007	1	11	1	1	3	100	90
5900	166.001	1	14	100	7	3	100	1660
5901	18.001	89	4	1	7	3	100	428
5902	60.001	47	13	1	7	78	100	6892
5903	2.002	25	8	1	7	53	100	497
5904	34.001	16	11	1	1	10	100	90
5905	265.001	1	100	1	7	5	100	5863
5906	34.001	1	100	1	2	5	100	1236
5907	34.001	405	4	100	7	20	100	5879
5908	288.001	19	12	1	2	5	100	25
5909	72.004	645	8	1	7	26	100	2848
5910	34.001	643	11	1	7	26	100	2070
5911	10.001	644	8	1	2	5	100	348
5912	9.001	646	100	1	7	5	100	4826
5913	166.001	40	14	100	7	202	100	3333
5914	2.002	642	100	100	7	20	100	719
5915	34.001	643	8	1	7	26	100	Ungroupable
5916	2.002	89	84	100	7	53	100	719
5917	34.007	40	11	100	7	202	100	1124
5918	291.001	33	83	1	2	5	100	348
5919	21.001	1	8	1	1	5	100	127
5920	2.002	597	14	1	7	3	100	1387
5921	2.001	39	3	100	100	100	2	213
5922	2.001	130	3	100	100	100	100	301
5923	2.001	222	100	1	7	3	100	2359
5924	290.001	9	8	100	100	100	100	63
5925	9.012	617	8	1	100	2	100	139
5926	283.001	1	1	1	100	2	100	442
5927	187.002	122	1	1	7	3	100	1615
5928	43.002	89	100	1	7	198	100	Ungroupable
5929	5.002	122	3	1	7	199	100	2148
5930	14.001	18	100	1	1	22	100	1362
5932	19.001	16	14	1	7	17	100	433
5933	2.002	14	13	100	7	4	100	426
5934	34.001	130	8	100	1	3	100	1925
5935	13.001	47	100	1	7	17	100	433
5936	34.007	39	11	100	7	26	1	5804
5937	2.001	39	11	100	7	25	1	5804
5938	13.001	16	8	1	1	9	100	38
5939	67.004	40	11	100	7	3	100	436
5940	2.001	39	1	100	7	26	1	1487
5941	5.002	40	100	1	7	3	2	1869
5942	34.007	40	13	100	7	4	2	426
5943	2.001	47	100	100	7	4	100	427
5944	64.001	51	13	1	2	5	100	348
5945	63.001	38	11	1	7	55	100	875
5946	2.001	1	54	100	7	3	100	1660
5947	166.001	40	8	100	7	4	100	427
5948	2.001	122	14	1	7	2	100	1387
5949	2.001	5	14	1	47	2	100	2712
5950	2.001	39	85	100	7	26	1	5804
6177	2.001	16	1	100	100	2	100	55
5951	292.001	38	11	1	7	55	100	875
5952	2.001	39	11	100	70	4	100	168
5953	15.001	376	1	100	100	2	2	307
5954	93.003	25	3	100	100	100	2	2655
5955	2.001	122	11	100	7	3	4	Ungroupable
5956	34.007	5	14	100	7	4	100	1124
5957	2.001	122	11	100	7	3	100	1660
5958	2.002	176	100	1	1	4	100	1771
5959	2.002	54	3	100	7	4	2	5817
5960	2.002	633	3	100	7	4	2	Ungroupable
5961	19.001	18	100	1	7	4	100	309
5962	2.002	10	14	100	1	4	100	1271
5963	2.002	10	100	100	1	45	100	1271
5964	19.001	634	14	100	1	22	100	1362
5967	13.001	25	37	1	7	53	100	497
5968	13.001	1	4	1	7	9	2	2281
5969	12.001	25	8	1	34	93	100	2473
5970	60.001	1	31	1	7	3	100	1143
5971	60.001	1	49	1	21	3	100	1143
5972	21.001	19	8	1	7	23	100	1118
5973	60.001	22	12	1	7	3	100	1143
5974	5.002	19	12	1	7	3	100	199
5976	9.001	22	9	1	34	93	100	2473
5977	12.001	22	8	1	5	93	100	2473
5978	9.001	22	8	1	5	100	100	Ungroupable
5979	13.001	1	12	1	1	1	100	3336
5980	18.001	22	8	1	1	3	100	127
5981	11.001	1	8	1	1	2	100	139
5982	21.001	1	100	1	7	3	100	199
5983	12.012	1	8	1	1	3	100	127
5985	21.001	47	100	1	7	21	100	221
5986	43.001	1	8	1	7	6	100	199
5987	18.001	1	8	1	7	6	100	199
5988	18.001	1	10	1	7	3	100	199
5989	22.001	19	8	1	1	3	100	127
5990	103.002	47	100	1	72	21	100	2804
5991	43.002	1	100	1	7	3	100	199
5992	18.001	1	100	1	7	24	100	428
5994	2.002	1	12	1	7	3	100	1143
5995	60.001	22	4	1	34	93	100	2473
5996	60.001	22	4	1	5	100	100	5995
5997	60.001	36	12	1	7	3	100	1143
5998	60.001	38	8	1	7	15	100	309
5999	12.001	1	8	1	1	114	100	127
6000	13.001	1	8	1	1	15	100	127
6843	14.001	10	13	1	7	195	100	1586
6037	43.009	648	100	1	2	10	100	Ungroupable
6038	2.006	54	100	1	2	131	6	5609
6039	4.001	25	16	1	9	4	100	281
6040	2.039	54	14	1	15	10	100	Ungroupable
6041	295.001	40	1	1	7	3	100	1615
6042	12.011	22	8	1	34	93	100	2473
6043	2.002	649	100	100	7	40	100	719
5965	142.001	16	11	1	7	6	100	2336
5966	43.001	1	100	1	7	110	100	3293
5975	293.001	22	49	1	21	3	100	Ungroupable
5984	18.001	47	100	1	7	21	100	221
5993	2.001	1	4	1	1	52	100	208
6001	12.001	1	8	100	2	94	100	Ungroupable
6002	5.002	1	8	1	2	3	100	127
6003	4.001	25	8	1	7	202	100	497
6004	13.001	1	23	1	1	1	100	37
6005	43.001	16	12	1	7	199	100	2336
6006	121.002	1	4	1	7	3	100	199
6007	18.001	1	8	1	7	1	12	428
6008	5.014	1	12	1	7	47	100	1698
6009	60.001	25	11	1	21	15	100	Ungroupable
6010	13.014	1	8	1	7	3	100	199
6011	34.007	192	8	1	1	3	100	2778
6012	60.001	1	4	13	7	3	100	233
6013	18.001	5	16	1	7	3	100	199
6014	18.001	1	12	1	7	39	100	428
6015	60.001	19	55	1	7	3	100	1143
6016	34.007	647	11	100	7	4	100	1124
6017	34.007	40	29	100	7	4	100	1124
6018	13.002	1	11	1	71	3	100	1696
6019	5.002	47	8	1	7	21	100	221
6020	103.001	22	11	1	1	3	100	90
6021	21.001	47	11	1	7	21	1	221
6022	196.001	437	3	1	23	10	100	4300
6023	34.007	216	12	1	7	3	100	1143
6024	43.002	289	11	1	5	3	100	90
6025	13.003	25	100	1	2	10	100	2467
6026	103.002	47	100	1	7	21	100	2351
6027	18.001	16	11	1	7	3	100	428
6028	34.007	40	100	100	7	3	100	436
6029	60.001	1	12	1	1	3	100	1143
6030	43.004	47	100	1	21	21	100	Ungroupable
6031	60.001	1	12	1	38	3	100	1143
6032	60.001	1	55	1	7	3	100	1143
6033	60.001	54	100	1	7	15	100	309
6034	60.001	19	4	1	1	9	100	38
6035	60.001	1	12	13	21	3	100	1143
6036	294.001	33	100	1	2	5	100	348
6044	5.002	161	100	100	7	3	100	436
6045	5.002	40	11	1	7	124	100	1869
6046	265.002	1	31	1	7	3	100	233
6047	2.002	115	11	100	1	22	1	1271
6048	2.002	651	100	100	7	189	100	719
6049	5.002	122	3	1	47	3	100	2148
6050	2.001	40	3	1	100	2	100	442
6051	2.078	1	1	1	100	2	100	442
6052	2.078	39	3	100	7	4	100	168
6053	2.001	642	100	100	7	3	100	1660
6054	14.001	19	8	1	7	3	100	73
6055	103.001	1	10	1	24	39	100	5092
6056	14.001	5	100	1	7	3	100	3977
6057	18.001	174	10	1	7	15	100	7044
6058	19.001	47	100	1	7	3	100	3099
6059	2.001	39	100	100	61	100	1	211
6060	2.001	633	13	100	1	22	100	3574
6061	2.001	9	3	100	100	175	100	301
6062	2.002	54	100	100	1	20	100	5817
6063	2.002	89	1	100	7	26	100	5817
6064	2.077	39	100	100	100	100	100	213
6065	34.007	192	8	1	68	3	100	1234
6066	34.007	40	10	100	7	4	100	1124
6067	43.002	122	3	1	7	6	100	1340
6068	5.002	122	1	1	7	3	2	1615
6070	93.001	25	3	100	100	200	100	2655
6071	19.001	10	100	1	7	20	100	309
6072	2.001	305	1	1	7	3	100	1869
6073	2.001	39	54	100	100	100	100	63
6074	2.001	9	14	100	100	175	100	63
6075	2.002	124	100	100	1	4	6	2538
6076	2.002	14	100	100	7	3	100	436
6077	2.002	54	4	100	7	4	100	719
6078	2.008	346	12	1	1	71	100	127
6079	34.001	1	1	1	100	2	100	442
6080	34.007	40	1	100	7	52	100	1124
6081	34.037	1	3	1	1	3	100	127
6082	43.002	122	3	100	7	201	100	1340
6083	5.002	39	11	1	7	3	100	2431
6084	9.001	39	100	100	100	2	100	190
6085	93.001	634	3	100	100	100	100	2655
6086	166.001	40	1	100	7	7	100	2206
6087	1.001	640	100	100	100	1	100	20
6088	10.001	40	1	1	7	3	100	1615
6089	105.002	25	1	100	100	100	100	63
6090	19.014	173	1	1	7	8	100	Ungroupable
6091	2.001	69	1	100	7	3	100	3420
6092	2.076	89	13	100	7	202	100	719
6093	34.007	305	1	1	7	100	100	Ungroupable
6094	43.002	39	100	100	7	192	100	1340
6095	5.002	122	3	1	7	3	2	2148
6096	5.002	274	1	1	7	3	100	1615
6097	5.002	639	14	1	7	3	100	1387
6098	93.001	635	3	100	100	100	100	2655
6099	13.001	39	1	1	7	3	100	1615
6100	2.001	122	100	100	7	3	100	1660
6101	2.001	9	1	100	100	175	2	63
6102	2.002	89	1	100	7	20	100	719
6103	34.001	1	100	100	7	3	100	1660
6104	43.002	1	12	1	1	6	100	5146
6105	5.002	122	14	1	100	3	100	1387
6106	5.002	142	3	1	7	3	100	2148
6107	5.002	40	1	1	7	25	100	1615
6108	5.002	407	1	100	7	3	100	1615
6109	93.001	25	3	1	100	100	100	2655
6110	93.001	637	3	100	100	100	100	2655
6111	2.002	654	12	100	7	4	100	719
6112	5.002	653	1	1	7	203	100	1615
6113	19.001	652	1	1	7	43	100	53
6114	19.001	659	100	1	7	3	100	309
6115	2.001	40	3	1	7	3	100	1869
6116	2.079	647	1	1	7	3	100	1615
6117	5.002	656	1	1	7	3	100	1615
6118	166.003	159	100	100	100	2	100	1958
6119	38.002	39	11	100	100	100	2	193
6120	2.001	1	1	1	47	190	100	442
6121	2.001	9	10	100	7	100	100	63
6122	34.007	5	1	100	7	7	100	1124
6123	103.002	657	13	1	1	9	100	2289
6124	5.002	658	1	1	7	3	100	1615
6125	34.007	655	14	100	7	4	100	1124
6126	103.002	47	1	1	7	17	100	433
6127	2.002	5	13	100	1	23	100	1634
6128	93.001	311	3	100	100	100	100	2655
6129	19.014	173	100	1	7	8	100	1468
6130	34.038	305	1	100	100	4	100	4980
6131	34.039	407	1	100	7	3	2	Ungroupable
6132	19.024	24	13	1	7	15	100	4422
6133	2.002	54	13	100	7	22	100	426
6134	34.007	39	1	1	7	3	100	1615
6135	9.001	105	14	100	100	2	100	3043
6136	34.007	40	1	1	7	3	2	1869
6137	9.001	122	12	100	7	20	100	6825
6138	34.007	305	1	100	100	4	100	2206
6139	14.030	5	100	100	100	7	100	352
6140	4.001	5	100	100	100	7	100	352
6844	14.001	10	13	100	1	3	100	5508
6141	34.040	40	13	100	7	4	2	4529
6142	5.002	661	3	1	7	190	100	2148
6143	2.001	660	1	100	100	100	100	63
6144	93.001	662	3	100	100	100	100	2655
6145	5.002	222	1	20	7	3	100	1615
6146	34.040	40	8	100	7	4	100	1124
6147	10.001	33	8	1	2	204	100	348
6148	2.002	1	1	1	7	20	100	1898
6149	124.002	234	8	1	7	3	100	1392
6150	60.001	40	11	100	7	4	100	1124
6151	60.001	1	48	1	21	3	100	233
6152	60.001	40	71	1	7	4	100	2991
6153	60.001	288	46	1	1	3	100	6160
6154	60.001	22	4	1	34	52	100	4903
6155	60.001	89	100	100	7	4	100	719
6156	298.001	38	14	1	7	55	100	1223
6157	10.019	33	8	1	2	5	100	348
6158	60.001	663	12	1	7	3	100	1143
6159	60.001	113	12	1	7	3	100	1143
6160	60.001	1	11	1	1	3	100	90
6162	60.001	22	8	1	34	213	100	2473
6163	34.001	664	8	1	1	18	100	194
6164	5.002	39	13	1	7	3	100	199
6165	1.001	5	100	100	14	1	100	20
6166	2.001	25	42	100	100	100	100	63
6167	2.001	19	3	100	100	100	100	301
6168	2.001	1	1	1	100	2	51	442
6169	2.001	19	8	1	1	22	100	6169
6170	2.001	19	8	1	1	22	1	6169
6171	2.001	9	1	100	22	1	100	63
6172	2.001	16	10	100	100	2	100	55
6173	2.001	24	10	100	100	2	100	55
6174	2.001	1	13	1	47	2	100	442
6175	2.001	441	100	100	100	100	100	845
6176	2.034	1	1	1	100	2	100	442
6178	2.001	1	1	100	100	3	100	63
6179	2.001	1	37	1	100	2	100	442
6180	2.001	1	3	1	100	2	2	442
6181	2.001	15	14	1	100	100	100	754
6182	2.001	9	11	100	1	100	100	63
6183	2.001	441	3	100	100	100	100	301
6184	2.002	341	12	1	1	4	100	1627
6185	2.001	289	1	100	100	1	100	63
6186	2.001	1	100	1	100	7	100	442
6187	2.001	9	63	100	100	100	100	63
6188	2.001	144	2	100	100	100	100	63
6189	2.001	122	1	1	7	3	100	1615
6190	2.001	18	14	100	1	26	100	6804
6191	2.001	222	3	100	100	100	100	301
6192	2.002	42	100	16	10	2	100	231
6193	2.002	340	100	100	7	4	100	719
6194	2.002	342	100	100	10	2	100	231
6195	2.002	16	1	100	7	10	100	1804
6196	2.002	257	13	100	1	18	100	2209
6197	2.002	19	100	1	1	9	100	38
6198	2.002	328	100	100	10	2	100	231
6199	2.002	16	100	1	1	136	100	1627
6200	2.002	15	100	1	100	136	100	2041
6201	2.002	331	100	100	7	4	100	719
6202	2.002	10	100	1	1	136	100	1627
6203	2.002	54	100	100	22	2	100	1958
6204	2.002	54	100	100	10	2	100	1958
6205	2.002	85	100	100	100	2	100	1958
6206	2.002	98	100	1	1	49	100	1054
6207	2.002	59	12	100	1	18	100	2209
6208	2.002	225	48	100	1	143	100	1675
6209	2.002	40	13	100	1	4	100	426
6210	14.001	5	1	100	100	7	100	178
6211	2.002	54	13	1	15	34	100	2088
6212	14.001	54	1	1	1	9	100	6277
6213	2.002	19	1	100	1	18	100	2209
6214	2.002	25	100	100	100	2	100	190
6215	2.002	10	3	100	100	7	100	352
6216	2.002	54	8	100	1	4	100	5817
6217	2.002	54	13	100	1	22	100	1271
6218	2.002	19	3	1	21	3	100	73
6219	2.002	16	100	100	100	7	100	2041
6220	2.002	40	100	100	7	20	100	427
6221	2.002	89	1	100	7	4	4	719
6222	2.008	54	27	1	2	34	100	1529
6223	2.008	54	1	100	100	2	100	1958
6224	2.017	5	1	1	100	2	100	442
6225	2.035	42	100	100	10	2	100	231
6226	2.036	9	1	100	100	100	100	63
6227	2.037	89	13	100	7	4	100	719
6228	2.041	89	1	100	7	4	100	719
6229	2.051	9	1	100	100	100	100	63
6230	3.001	1	8	1	1	3	100	127
6231	4.001	5	100	1	5	2	100	6234
6232	4.001	25	14	1	5	4	100	281
6233	4.001	25	8	1	9	4	100	281
6234	4.001	25	100	1	5	2	100	142
6235	4.001	35	8	1	100	7	100	311
6236	5.002	2	65	100	1	3	100	129
6237	5.002	29	8	1	1	3	100	127
6238	5.002	22	3	1	7	3	1	2148
6239	5.002	15	8	1	1	3	100	127
6240	5.002	2	8	1	1	3	2	127
6241	5.002	19	8	1	7	3	1	199
6242	5.002	18	8	1	1	3	100	127
6243	5.002	5	100	100	1	3	100	267
6244	34.007	69	1	100	7	6	100	539
6245	5.008	122	14	1	7	3	100	1387
6246	15.001	3	100	100	100	2	100	1400
6247	7.001	25	12	1	5	4	100	Ungroupable
6248	9.001	1	3	1	100	2	8	3035
6249	9.001	105	6	1	100	142	100	Ungroupable
6250	9.001	105	3	1	48	142	100	4005
6251	9.001	122	8	1	1	9	100	38
6252	22.001	75	100	1	1	49	100	1054
6253	9.001	5	27	1	1	22	100	5585
6254	9.001	1	1	100	100	100	100	63
6255	9.001	130	8	1	1	9	100	38
6256	9.001	1	71	1	100	2	100	442
6257	9.001	9	8	100	100	100	100	63
6258	9.001	25	1	100	100	1	100	142
6259	9.001	25	3	1	100	2	100	3035
6260	9.001	5	100	100	100	2	100	1400
6261	9.001	38	1	100	100	2	100	142
6262	9.001	1	13	1	1	132	100	958
6263	9.001	22	12	1	1	10	2	284
6264	9.001	403	100	1	1	22	100	1054
6265	9.009	9	1	100	100	100	100	63
6266	10.001	1	10	1	1	3	100	90
6267	14.001	1	8	1	100	2	100	442
6268	10.012	19	8	1	1	3	100	127
6269	12.001	1	7	1	1	3	100	127
6270	12.004	1	1	1	1	2	100	151
6271	12.007	9	3	100	100	15	2	274
6272	19.001	163	12	100	1	138	100	Ungroupable
6273	13.001	19	7	1	1	9	100	38
6274	14.001	476	14	100	1	22	100	1362
6275	14.001	10	100	100	1	111	100	1362
6277	14.001	19	1	1	1	9	100	38
6278	14.001	11	5	100	100	7	100	352
6279	14.001	321	13	100	100	7	100	352
6280	14.001	161	1	100	100	7	100	178
6281	14.001	8	100	100	6	1	100	3165
6282	14.001	321	1	100	100	7	100	178
6283	14.001	25	1	100	100	2	100	142
6284	34.001	9	3	100	100	100	100	301
6285	44.001	24	1	100	1	10	100	419
6286	15.001	142	100	16	100	2	100	1400
6287	15.002	10	1	100	100	2	100	3043
6288	18.001	307	1	1	1	3	100	2482
6289	18.001	19	8	1	7	3	52	428
6290	18.001	59	8	1	7	15	100	428
6291	18.001	19	9	1	2	24	100	501
6292	18.001	36	4	1	7	24	100	501
6293	19.001	38	12	1	7	15	43	309
6294	34.001	1	1	1	1	3	2	90
6295	19.001	10	13	100	1	20	100	7301
6296	19.001	88	100	100	100	2	100	1400
6297	19.001	166	3	1	7	137	100	248
6298	19.001	49	3	100	1	20	100	7301
6299	19.001	54	13	1	7	26	100	1096
6300	19.001	15	1	1	1	3	100	127
6301	19.001	354	100	1	100	15	100	309
6302	19.001	354	13	1	100	15	100	309
6303	19.001	268	100	1	7	15	100	309
6304	19.001	69	14	1	7	20	100	268
6305	22.001	25	21	100	100	1	100	190
6306	19.001	1	100	1	100	2	100	3035
6307	19.011	18	13	100	7	20	100	1308
6308	19.012	124	14	100	1	20	100	1659
6309	19.020	25	1	1	100	2	100	3043
6310	21.001	1	8	1	1	23	100	127
6311	34.001	10	100	1	1	3	100	90
6312	22.001	25	100	100	100	7	100	190
6313	22.001	25	3	100	1	1	100	239
6314	22.001	25	13	100	100	2	100	190
6315	34.001	1	11	1	1	3	8	90
6316	45.001	57	100	100	6	1	100	116
6317	34.001	338	11	1	1	3	100	90
6318	45.001	8	3	100	100	1	100	3165
6319	34.001	1	60	1	1	3	100	90
6320	44.001	10	1	1	1	10	100	158
6321	34.001	339	11	1	1	3	2	90
6322	34.001	1	3	1	1	74	100	90
6323	34.001	1	3	100	1	3	100	90
6324	34.001	1	11	100	1	3	100	90
6325	34.006	40	13	100	7	4	100	426
6326	34.006	40	3	100	47	4	100	1938
6327	34.023	40	1	100	7	4	100	1124
6328	35.001	1	4	1	1	3	100	90
6329	43.002	25	1	100	100	100	100	63
6330	44.001	16	26	1	1	10	100	158
6331	44.001	335	10	1	1	10	100	158
6332	44.001	16	1	1	1	10	2	158
6333	44.006	16	10	1	1	10	100	158
6334	44.007	16	10	1	1	45	100	158
6335	45.001	15	27	100	6	1	100	116
6336	45.001	8	100	100	100	1	100	20
6337	45.002	142	100	100	100	2	100	1400
6338	77.001	16	10	1	1	10	2	158
6339	50.002	9	1	100	100	100	100	63
6340	53.003	1	11	1	1	3	100	90
6341	100.001	361	100	100	100	2	100	1400
6342	60.001	18	14	1	7	3	100	6342
6343	63.001	10	100	1	100	2	100	137
6344	63.001	1	100	1	100	2	50	137
6346	72.001	1	100	1	1	3	100	90
6347	86.001	25	3	100	100	2	100	3043
6348	86.001	1	8	1	7	3	2	199
6349	165.001	127	1	100	100	7	100	3131
6350	91.002	39	11	100	7	4	100	168
6351	93.001	259	3	100	100	100	2	2655
6352	158.001	1	8	1	1	22	2	128
6353	158.001	168	1	100	100	7	100	178
6354	170.002	361	100	100	100	2	100	1400
6355	5.002	305	1	1	7	3	100	1615
6356	2.001	39	11	100	7	3	2	168
6357	2.001	24	14	15	27	15	100	Ungroupable
6359	14.001	54	13	100	100	1	100	2577
6360	14.001	719	14	100	1	2	100	1890
6361	2.002	18	19	1	1	4	100	1627
6363	14.001	36	13	1	7	7	100	1586
6364	14.001	10	13	100	7	7	100	1586
6365	1.001	54	100	100	7	20	100	7319
6366	14.001	10	3	1	1	22	100	1362
6367	11.001	1	13	1	1	22	100	958
6368	2.002	18	13	1	1	22	100	Ungroupable
6369	14.001	76	13	1	1	22	100	1603
6370	9.001	718	13	1	1	22	100	958
6372	14.001	163	14	100	1	22	100	1362
6373	2.002	57	100	100	1	22	1	1271
6374	2.001	664	100	100	1	22	100	1271
6375	2.001	716	100	100	1	22	100	1271
6376	234.002	10	100	1	7	22	100	4614
6377	22.001	10	14	1	1	49	100	1054
6378	22.001	721	100	1	1	49	100	1054
6276	14.001	1	19	100	1	22	100	1362
6358	2.002	10	3	1	1	1	100	1627
6362	9.001	717	100	1	1	7	100	1054
6371	14.001	720	3	100	1	22	100	3178
6379	19.001	209	13	1	7	49	100	1096
6380	234.002	10	14	1	7	49	100	4762
6381	14.001	1	14	1	1	111	100	4762
6382	19.001	337	11	100	1	211	100	Ungroupable
6383	14.001	10	100	1	7	214	100	4614
6384	1.001	54	100	100	7	215	100	7319
6385	60.001	1	11	13	74	3	100	1133
6386	60.001	665	4	1	7	3	100	233
6387	5.002	122	3	1	7	3	87	2148
6388	14.001	39	12	100	100	100	83	3732
6389	13.001	1	1	1	7	3	100	199
6390	296.001	1	100	100	7	3	100	1660
6391	2.001	1	100	100	7	3	83	1660
6392	34.006	40	1	100	47	4	100	2206
6393	2.001	24	3	100	100	2	62	55
6394	2.001	39	3	1	100	100	100	213
6395	34.001	19	12	1	1	10	100	1216
6396	2.002	130	100	100	7	3	100	436
6397	19.001	38	17	1	7	15	100	309
6398	2.087	39	11	100	100	100	100	213
6399	45.001	57	1	100	6	1	100	3165
6400	9.001	39	3	100	100	100	100	213
6401	2.002	40	6	100	7	3	100	436
6402	9.001	1	6	1	100	2	100	442
6403	14.001	5	100	1	100	2	100	432
6404	5.002	361	100	100	7	2	100	3734
6405	2.002	40	3	1	100	2	100	2657
6406	9.001	25	13	100	100	2	100	3043
6407	5.002	15	3	1	7	3	100	2148
6408	22.001	8	3	100	6	1	100	3165
6409	2.002	40	5	100	7	3	100	436
6410	44.001	16	5	1	100	10	100	158
6411	9.001	1	100	1	100	3	100	3035
6412	5.002	122	31	1	7	3	100	1387
6413	5.002	122	13	1	100	3	100	1387
6414	45.004	8	100	100	6	1	100	3165
6415	22.001	9	1	100	100	2	2	390
6416	9.001	1	3	1	100	2	2	3035
6417	34.001	1	11	1	1	3	61	90
6418	9.001	25	1	1	100	2	15	3043
6419	44.001	58	1	1	1	10	100	158
6420	2.002	132	1	1	1	9	100	175
6421	5.002	161	3	1	7	3	100	2148
6422	2.053	9	1	100	100	100	100	63
6423	45.001	57	31	100	6	1	100	3165
6424	35.001	1	4	1	100	3	100	102
6425	63.001	1	6	1	100	2	100	442
6426	2.002	40	100	1	7	3	100	436
6427	14.001	442	1	1	100	2	100	442
6428	2.002	5	100	100	7	3	100	436
6429	9.001	58	35	100	100	7	100	678
6430	2.001	183	1	100	7	100	100	63
6431	14.001	58	100	100	100	7	100	352
6432	9.001	69	1	100	100	2	100	3043
6433	2.001	9	3	2	100	100	100	301
6434	9.001	39	1	100	100	100	100	63
6435	45.001	8	100	2	6	1	100	3165
6436	15.001	105	5	100	100	2	100	1845
6437	2.001	10	14	100	100	17	100	7004
6438	5.002	122	8	1	7	3	6	199
6439	9.001	58	13	100	100	2	100	3043
6440	198.002	39	13	1	100	100	100	2958
6441	34.002	1	11	1	1	3	61	90
6442	15.001	58	6	1	100	2	100	213
6443	3.003	39	100	100	100	100	100	2778
6444	18.001	69	8	100	1	3	100	2778
6445	5.009	122	3	1	100	2	100	1617
6446	9.001	40	5	100	100	2	100	1845
6447	9.001	105	13	1	100	7	100	4005
6448	5.002	105	3	1	7	3	100	2148
6449	9.001	25	14	100	100	2	100	3043
6450	5.002	105	100	1	7	3	100	199
6451	2.001	105	3	100	7	100	100	301
6452	14.001	105	14	100	100	2	100	463
6453	2.002	130	3	100	100	2	100	520
6454	15.001	5	14	100	100	1	100	867
6455	9.001	105	1	1	100	7	100	3035
6456	5.002	1	37	1	100	3	100	127
6457	2.095	18	3	100	100	2	100	520
6458	2.093	9	100	100	100	100	100	845
6459	11.001	25	3	100	100	2	100	190
6460	9.001	434	5	1	100	2	100	3035
6461	2.001	362	13	100	100	100	100	63
6462	2.001	9	1	100	7	100	100	63
6463	14.001	54	13	100	100	2	100	1958
6464	44.001	25	10	1	1	10	100	158
6465	2.001	39	3	2	100	100	100	213
6466	11.001	25	13	100	100	4	100	3035
6467	311.001	15	100	100	100	2	100	190
6468	158.001	130	3	100	100	2	100	190
6469	5.002	222	14	1	7	100	100	520
6470	5.002	122	1	1	1	3	100	1615
6471	9.001	122	1	1	7	100	100	Ungroupable
6472	160.002	40	1	100	7	3	100	436
6473	5.002	130	14	1	7	3	100	1387
6474	2.002	89	1	1	7	9	100	719
6475	198.008	25	1	100	100	7	100	390
6476	2.001	10	13	100	100	100	100	63
6477	61.002	9	100	100	7	3	100	436
6478	22.026	19	6	1	100	2	100	1115
6479	14.001	29	19	100	100	7	100	178
6480	3.003	39	100	2	100	100	100	211
6481	2.054	39	6	100	100	100	100	213
6482	2.002	122	1	100	7	2	100	4528
6483	11.001	25	100	100	100	2	12	190
6484	63.002	40	13	100	7	3	100	436
6485	2.092	9	1	100	100	100	100	63
6486	2.002	268	14	1	7	3	100	73
6487	5.002	50	6	1	1	3	100	127
6488	15.001	15	100	100	100	57	100	1400
6489	22.001	15	13	100	100	2	100	190
6490	2.088	39	11	100	100	100	100	213
6491	22.027	11	100	100	100	2	100	1958
6492	34.002	381	1	100	7	3	100	1818
6493	22.001	38	1	1	7	15	100	309
6494	2.053	667	100	100	100	100	100	845
6495	11.001	25	13	100	100	2	100	190
6496	2.001	39	1	100	100	57	100	63
6497	9.001	1	13	100	100	2	100	3035
6498	9.015	25	11	100	100	2	100	3043
6499	5.002	361	1	1	100	3	100	151
6500	11.001	25	1	1	100	2	100	3043
6501	9.001	89	1	1	7	9	100	1139
6502	14.001	442	100	1	100	2	100	432
6503	5.002	122	1	100	7	3	100	1615
6504	15.001	361	1	100	100	3	100	3734
6505	19.001	38	10	1	7	15	100	309
6506	199.001	361	1	100	100	2	100	3734
6507	14.001	1	100	1	100	17	100	432
6508	14.001	442	6	1	100	2	100	432
6509	18.001	192	3	1	1	3	100	2778
6510	5.002	122	100	1	7	100	100	1387
6511	14.001	24	100	1	100	2	100	432
6512	2.091	161	100	100	100	2	100	190
6513	2.001	11	1	1	100	2	100	442
6514	68.001	19	14	1	100	1	100	238
6515	5.002	122	100	100	100	3	100	3018
6516	2.001	1	3	1	7	138	100	5323
6517	5.002	122	14	1	1	9	100	1387
6518	14.033	29	1	100	100	7	100	178
6519	199.001	5	4	100	100	2	100	4066
6520	2.017	69	3	1	100	2	100	395
6521	198.002	40	8	1	7	4	100	1266
6522	2.002	58	13	1	100	2	100	2657
6523	14.001	18	1	100	100	100	100	63
6524	2.001	9	3	100	1	71	100	1819
6525	2.002	122	13	100	7	6	100	3149
6526	5.002	29	1	1	100	3	100	151
6527	2.002	9	100	100	7	6	100	436
6528	2.086	40	13	100	7	4	100	426
6529	2.001	9	1	2	100	1	100	63
6530	19.001	268	13	1	7	15	100	309
6531	2.094	40	1	100	7	4	100	1124
6532	19.025	268	100	1	7	15	100	309
6533	43.006	10	1	1	7	3	100	1615
6534	5.002	25	100	1	7	3	100	199
6535	9.001	105	8	100	100	2	100	3043
6536	67.006	122	100	100	7	6	100	1340
6537	22.001	40	1	100	7	3	100	436
6538	22.001	57	6	100	6	1	100	Ungroupable
6539	15.001	3	1	100	100	100	100	307
6540	19.001	681	48	1	7	43	100	Ungroupable
6541	9.001	122	100	1	7	100	100	3018
6542	2.001	130	3	100	100	2	100	520
6543	19.025	261	13	1	7	3	100	3099
6544	9.001	105	14	1	48	142	100	Ungroupable
6545	2.002	122	100	100	7	2	100	436
6546	14.001	1	62	1	100	2	100	442
6547	22.001	19	35	1	100	2	100	1115
6548	2.002	40	35	100	7	3	100	436
6549	22.001	25	14	100	100	7	100	190
6550	5.027	38	3	1	1	3	100	264
6551	5.002	284	14	1	7	3	100	1387
6552	134.002	40	100	100	7	4	100	1124
6553	22.001	10	1	100	1	3	100	229
6554	3.001	40	17	100	7	4	100	1124
6555	5.002	361	3	1	7	3	100	2148
6556	19.001	19	14	100	7	15	100	2718
6557	22.001	19	6	1	100	2	8	1115
6558	5.026	122	3	1	7	3	100	2148
6559	2.001	39	11	100	10	100	100	213
6560	44.011	16	11	1	1	10	100	158
6561	17.002	122	14	1	7	3	100	1387
6562	9.001	58	3	100	100	7	100	678
6563	310.001	361	35	1	100	2	100	Ungroupable
6564	3.003	39	13	1	100	100	100	Ungroupable
6565	14.032	130	1	100	100	2	100	520
6566	9.001	122	13	100	100	7	100	678
6567	34.007	522	13	100	7	4	100	426
6568	2.002	161	13	100	7	3	100	436
6569	5.002	16	10	1	1	10	100	158
6570	22.001	25	6	100	100	1	100	190
6571	2.002	58	13	100	100	2	100	5513
6572	5.002	40	14	1	7	3	100	1387
6573	9.001	58	100	1	7	2	100	137
6574	17.001	58	1	1	7	3	100	1615
6575	5.002	57	1	1	7	3	100	1615
6576	2.074	40	100	100	7	3	100	436
6577	2.001	39	62	100	100	100	58	63
6578	14.001	1	6	1	100	2	100	442
6579	2.001	183	3	100	100	100	100	301
6580	34.001	130	100	100	100	2	100	520
6581	198.007	105	1	100	100	2	100	5513
6582	14.031	130	3	100	100	2	100	520
6583	2.001	1	1	1	7	7	100	422
6584	303.001	1	3	100	100	2	100	520
6585	5.002	161	13	100	7	3	100	1350
6586	2.001	57	13	100	100	2	100	55
6587	2.096	40	3	1	7	3	100	2148
6588	12.007	39	3	100	100	100	2	2885
6589	1.001	40	3	100	7	3	100	436
6590	22.001	22	6	1	100	2	100	1115
6591	44.001	40	11	1	1	10	100	158
6592	309.001	69	1	1	7	2	100	4485
6593	14.001	105	1	100	100	2	100	5513
6594	9.001	122	14	1	100	3	100	1387
6595	2.002	274	100	100	7	3	100	436
6596	2.089	39	3	100	100	100	100	213
6597	5.002	15	3	1	100	3	100	2148
6598	2.002	91	100	100	7	2	100	427
6599	9.001	8	13	100	6	1	100	3165
6600	43.002	122	100	1	100	6	100	1340
6601	19.001	11	100	1	7	15	100	309
6602	14.001	15	1	100	100	2	100	178
6603	14.001	321	3	100	100	7	100	352
6604	14.001	5	1	1	100	2	100	442
6605	45.001	88	1	100	6	2	100	Ungroupable
6606	14.001	40	3	1	7	4	100	2178
6607	2.001	1	100	1	7	138	100	5323
6608	2.002	58	3	100	100	2	100	893
6609	5.002	122	6	1	7	3	100	1387
6610	15.001	361	100	100	100	1	100	1400
6611	2.001	40	3	100	100	100	100	301
6612	43.002	69	1	100	7	6	100	1340
6613	14.001	161	1	1	7	2	100	432
6614	5.002	122	8	1	7	2	100	199
6615	2.001	39	3	100	100	100	1	213
6616	305.001	9	1	100	100	1	100	439
6617	9.001	434	1	100	100	2	100	3043
6618	34.043	40	1	100	7	4	100	1124
6619	297.001	132	100	1	1	9	100	38
6620	45.001	8	3	1	7	3	100	2148
6621	308.001	5	1	100	100	2	100	4959
6622	2.017	15	100	1	100	2	100	137
6623	19.001	39	13	1	7	3	100	1096
6624	15.001	11	100	100	100	2	100	1958
6625	14.001	40	3	1	100	2	100	432
6626	198.001	105	11	100	100	2	100	2976
6627	15.001	9	10	100	100	100	100	392
6628	304.001	1	14	1	100	2	100	2889
6629	2.001	39	100	100	100	208	100	213
6630	43.011	122	100	100	7	6	100	1340
6631	112.002	39	3	100	100	100	100	213
6632	44.001	58	3	1	7	3	100	2148
6633	77.001	358	14	1	7	10	100	4061
6634	22.001	39	1	100	100	100	100	63
6635	2.002	40	1	100	47	4	100	427
6636	9.001	9	1	100	100	3	100	63
6637	307.001	305	100	100	7	4	100	1124
6638	22.001	25	100	100	100	100	100	190
6639	5.002	9	100	1	7	3	100	199
6640	14.001	1	3	100	59	2	100	520
6641	2.002	25	100	100	7	138	100	719
6642	77.001	358	6	1	7	10	100	4061
6643	303.001	29	13	100	100	7	100	178
6644	2.001	48	13	1	7	47	100	Ungroupable
6645	2.002	15	1	100	7	3	100	436
6646	5.002	122	100	1	7	4	100	1387
6647	45.001	9	3	100	6	1	100	3165
6648	2.001	361	100	100	100	2	100	1958
6649	306.001	1	3	1	7	3	100	199
6650	9.001	9	100	1	100	100	100	845
6651	14.001	512	1	100	100	7	100	178
6652	19.001	1	100	1	7	15	100	309
6653	14.029	130	3	100	100	2	100	520
6654	2.002	650	100	100	7	4	100	719
6655	14.001	512	3	100	7	100	100	5262
6656	43.002	122	10	100	7	6	100	1340
6657	34.007	512	100	100	100	4	100	2202
6658	2.002	10	1	100	7	3	100	436
6659	14.001	122	14	1	7	3	100	1387
6660	296.001	29	1	100	100	7	100	178
6661	2.002	446	100	100	7	3	100	436
6662	2.002	40	13	1	100	4	100	426
6663	60.001	89	13	100	7	3	100	714
6664	22.028	268	3	100	100	100	100	301
6665	22.028	15	13	100	100	2	100	3126
6666	2.001	9	3	100	100	216	100	301
6667	2.002	725	1	100	7	4	100	427
6668	5.002	40	1	1	7	3	88	1615
6669	93.001	727	3	100	100	100	100	2655
6670	176.002	42	100	100	10	2	100	1958
6671	1.028	5	100	100	100	1	100	20
6672	2.001	729	3	100	100	100	1	2885
6673	15.001	728	100	100	100	2	100	1958
6674	2.097	381	3	100	7	3	100	3419
6675	94.001	42	35	100	10	2	100	231
6676	19.001	139	100	1	7	23	100	3100
6677	2.002	54	27	1	15	217	100	Ungroupable
6678	44.001	282	1	1	1	72	2	3548
6679	2.099	1	4	1	7	3	100	199
6680	313.001	19	8	1	1	9	100	38
6681	2.101	19	9	1	7	3	100	73
6682	312.001	40	100	100	7	4	100	427
6683	19.026	47	14	100	7	3	100	Ungroupable
6684	10.021	1	12	1	7	47	100	1698
6685	2.098	1	8	1	7	8	100	514
6686	120.002	1	8	1	7	3	100	199
6687	5.002	726	1	1	7	3	100	1615
6688	2.001	9	1	100	100	218	100	63
6689	34.012	25	11	1	7	53	100	497
6690	10.001	33	1	1	2	5	100	348
6691	10.001	33	13	1	7	204	100	7058
6692	60.001	89	100	100	7	3	100	719
6693	34.019	307	8	1	7	3	100	199
6694	2.002	595	12	100	7	4	2	719
6845	14.001	110	14	10	47	17	100	Ungroupable
6705	16.002	1	8	1	1	31	100	409
6706	16.002	64	11	100	7	81	100	168
6707	16.002	245	14	100	7	20	100	6696
6708	16.002	281	14	100	7	20	100	6696
6709	16.002	10	13	100	1	4	100	1771
6710	16.002	54	13	100	1	22	100	3574
6711	16.002	54	3	100	7	20	100	6696
6712	16.002	10	29	100	100	17	100	Ungroupable
6713	16.002	54	8	100	1	20	100	6723
6714	16.003	10	3	1	7	17	100	3477
6715	16.003	153	3	1	7	17	100	Ungroupable
6716	16.002	5	14	100	1	68	100	6717
6717	16.002	10	14	100	1	68	100	5962
6718	16.002	10	100	100	100	17	100	2035
6719	16.002	10	29	100	100	17	12	Ungroupable
6720	16.002	10	100	100	100	2	100	1958
6721	16.002	35	44	1	7	15	100	Ungroupable
6722	16.002	35	1	1	7	15	100	53
6723	16.002	54	13	100	7	20	100	6696
6724	16.002	54	100	100	7	20	100	6696
6725	16.002	54	4	100	1	18	100	592
6726	16.002	54	14	100	1	3	100	625
6728	31.001	69	12	1	7	5	100	4114
6730	31.001	1	12	1	7	5	100	5004
6731	16.002	54	4	100	7	20	100	6696
6732	16.002	54	19	100	1	9	100	Ungroupable
6733	16.002	54	1	100	1	3	100	4520
6734	24.001	1	12	1	1	3	100	127
6735	30.002	524	8	1	7	21	100	1464
6737	16.002	89	13	100	7	26	100	714
6738	16.007	54	14	17	7	20	100	6696
6739	16.008	10	13	100	1	26	100	1634
6741	16.002	54	13	100	1	20	100	6696
6742	124.003	69	4	1	2	5	100	488
6743	124.003	1	4	1	2	5	100	348
6695	16.002	1	8	1	7	3	2	199
6696	16.002	54	14	100	7	20	100	6696
6697	16.003	125	14	1	7	17	100	271
6698	16.004	10	1	100	100	7	100	352
6699	16.002	10	14	100	1	4	100	1771
6700	16.002	10	14	100	7	20	100	6696
6701	16.002	163	14	100	7	73	100	6696
6702	16.002	201	14	100	1	68	100	6717
6703	16.002	18	14	100	1	18	100	1320
6704	16.002	54	14	100	1	2	100	4520
6727	16.006	57	14	100	7	20	100	1202
6736	24.001	222	1	1	7	3	100	1615
6740	16.002	174	100	100	7	20	100	6696
6744	2.001	9	100	100	100	3	100	845
6745	2.002	122	14	100	7	192	100	3952
6746	93.001	5	3	100	100	100	100	2655
6747	2.001	5	3	100	100	3	100	301
6748	314.001	1	8	1	1	3	100	127
6749	315.001	33	8	1	2	5	100	348
6750	43.009	648	13	1	2	10	100	2467
6751	43.001	1	13	1	7	110	100	514
6752	2.002	89	1	100	7	224	100	719
6753	14.001	756	3	100	100	7	100	352
6754	198.004	587	1	100	7	3	100	5375
6755	34.001	381	13	100	7	3	100	1818
6756	34.007	122	1	100	7	4	100	1124
6757	14.001	39	100	100	100	100	6	211
6758	34.001	1	11	1	24	3	100	90
6759	34.001	757	3	100	7	3	100	1818
6760	2.001	512	3	100	100	7	100	468
6761	14.001	512	100	100	7	3	100	6028
6762	316.001	54	13	100	1	4	100	6945
6763	2.001	407	21	1	7	3	100	3736
6764	2.001	1	100	100	7	3	97	1660
6765	14.001	180	100	100	100	100	100	211
6766	2.002	222	1	1	7	3	100	1615
6767	34.036	381	1	100	7	3	2	3419
6768	242.002	1	8	1	1	3	100	127
6769	2.001	39	100	100	7	3	2	1660
6770	60.001	174	13	1	7	20	100	4859
6771	10.001	19	11	100	7	3	100	4863
6772	237.001	19	8	1	2	5	100	348
6773	34.007	25	11	1	7	53	100	497
6774	5.002	1	12	1	7	3	2	199
6775	34.019	1	1	1	7	3	100	1696
6776	60.001	19	14	100	7	3	100	5526
6777	9.001	608	100	100	7	22	100	7397
6778	34.007	54	100	100	7	4	100	1124
6779	34.007	54	14	100	7	20	100	6696
6780	34.007	122	10	100	7	3	100	6028
6781	34.007	174	1	1	7	4	100	1124
6782	34.007	368	14	100	7	4	100	1124
6783	43.002	54	1	100	7	4	100	5817
6784	43.002	54	12	1	7	20	100	6904
6785	43.002	54	13	100	7	6	100	1340
6786	34.007	89	1	100	7	4	100	1124
6787	43.002	54	14	100	7	6	100	1340
6788	43.002	57	100	100	7	6	100	1340
6789	43.002	89	100	100	7	4	100	719
6790	43.002	89	13	100	7	6	100	1340
6791	43.002	89	1	100	7	4	100	719
6792	43.002	122	48	100	7	22	100	1340
6793	77.001	89	13	100	7	4	100	719
6794	2.001	1	19	1	100	2	100	442
6795	2.001	9	1	100	1	4	100	63
6796	2.001	9	13	100	1	4	100	63
6797	2.001	10	3	1	100	1	100	384
6798	2.001	10	13	100	1	22	6	3574
6799	2.001	10	13	100	1	22	100	3574
6800	2.001	10	14	1	7	20	100	7011
6801	2.001	10	14	1	1	90	100	6804
6802	2.001	10	14	1	1	22	100	4825
6803	2.001	10	14	100	7	20	100	1308
6804	2.001	10	14	100	1	22	100	1271
6805	2.001	18	13	100	1	22	100	3574
6806	2.001	54	1	100	100	100	100	63
6807	2.001	54	13	1	1	22	100	3574
6808	2.001	54	14	100	100	100	100	63
6809	2.001	54	100	100	100	100	100	845
6810	2.001	69	14	1	100	2	100	442
6811	2.001	69	19	1	7	20	100	Ungroupable
6812	2.001	89	14	100	21	22	100	6804
6813	2.001	105	13	1	1	22	100	958
6814	2.001	276	14	1	1	49	100	4762
6815	2.001	608	19	100	7	20	100	5195
6816	2.001	703	14	100	1	22	100	4825
6817	9.001	10	3	100	7	103	100	4757
6818	9.001	10	13	100	7	103	100	4757
6819	9.001	10	14	1	1	22	100	1054
6820	9.001	47	1	100	1	20	100	6891
6821	9.001	54	13	1	1	195	100	958
6822	9.001	54	100	100	7	20	100	7319
6823	9.001	69	19	1	1	94	100	1623
6824	9.001	122	3	100	7	20	100	6824
6825	9.001	122	100	100	7	20	100	7319
6846	14.001	10	14	1	7	49	100	3456
6826	9.001	383	14	1	1	22	100	958
6847	14.001	10	19	1	7	7	100	1586
6848	14.001	10	100	100	100	90	100	352
6849	14.001	10	100	100	32	4	100	1771
6850	14.001	10	100	1	1	49	12	1054
6851	14.001	18	100	10	100	7	100	352
6852	14.001	69	100	100	100	2	100	352
6853	14.001	75	100	1	1	49	100	1054
6854	14.001	76	100	1	1	22	100	1362
6855	14.001	89	100	1	7	26	100	1933
6856	14.001	169	100	1	14	2	100	162
6857	14.001	171	100	100	1	90	100	1362
6858	14.001	201	100	1	100	7	100	352
6859	14.001	610	100	100	1	4	100	1771
6860	14.001	18	14	100	100	100	100	212
6861	14.001	40	13	100	7	20	100	1662
6862	14.001	54	14	100	1	90	100	1890
6863	14.001	54	14	100	100	2	100	1958
6864	14.001	54	12	100	100	2	100	1958
6865	14.001	54	37	100	7	20	100	6696
6866	14.001	69	13	100	100	20	100	289
6867	14.001	163	14	100	100	2	100	463
6868	14.001	163	13	100	1	4	100	5508
6869	14.001	169	3	100	14	2	100	1021
6870	14.001	332	13	1	7	22	100	1586
6871	14.001	349	14	1	100	100	100	4012
6872	14.001	546	13	100	1	4	100	5508
6873	14.001	610	14	100	1	4	100	1890
6874	14.001	610	3	100	1	4	100	5508
6875	153.001	18	13	100	100	1	100	4960
6876	153.001	18	12	100	100	1	100	4960
6877	153.001	89	100	100	1	1	100	Ungroupable
6878	166.001	10	100	100	7	4	100	719
6879	166.001	10	4	100	7	4	100	3333
6880	19.001	18	100	1	7	26	100	309
6881	19.001	10	100	100	2	46	13	638
6882	19.001	10	100	100	100	1	100	352
6883	19.001	18	100	1	7	20	83	1632
6884	19.001	18	13	1	7	20	100	1632
6885	19.001	18	13	1	7	68	100	1632
6886	19.001	16	13	1	7	8	100	Ungroupable
6887	19.001	18	14	1	7	68	100	1632
6888	19.001	25	12	1	1	22	100	561
6889	19.001	18	19	1	7	15	100	309
6890	19.001	47	14	100	1	17	100	433
6891	19.001	47	1	100	1	20	100	7301
6892	19.001	47	13	1	7	3	100	1096
6893	19.001	38	3	1	7	49	100	309
6894	19.001	49	13	100	7	20	100	1662
6895	19.001	49	100	100	7	20	100	7319
6896	19.001	54	1	100	7	22	100	1284
6897	19.001	47	8	1	7	78	100	1319
6898	19.001	54	14	100	7	18	100	6696
6899	19.001	54	14	100	7	4	100	5817
6900	19.001	54	19	1	7	15	100	309
6901	19.001	54	100	100	100	1	12	1645
6902	19.001	54	100	1	7	102	100	309
6903	19.001	54	100	100	1	20	100	7319
6904	19.001	54	100	1	7	20	100	309
6905	19.001	54	13	100	100	1	100	1645
6906	19.001	89	4	100	7	4	100	719
6907	19.001	89	100	100	1	18	100	7301
6908	19.001	89	100	100	1	20	100	1271
6909	19.001	89	13	100	7	4	100	719
6910	19.001	89	14	100	7	26	100	1203
6911	19.001	89	100	100	7	22	100	719
6912	2.002	10	100	100	7	26	100	719
6913	2.002	10	1	100	1	59	100	1271
6914	2.002	54	1	100	7	4	100	1958
6915	2.002	89	1	100	1	4	100	719
6916	2.002	69	1	100	100	2	100	1958
6917	2.002	10	3	100	1	22	1	1271
6918	2.002	10	4	100	7	4	100	719
6919	2.002	10	13	100	1	59	100	1271
6920	2.002	10	3	100	32	2	100	2035
6921	19.001	57	13	1	7	7	100	1096
6922	19.001	10	42	1	7	55	100	455
6923	19.001	10	14	100	100	2	100	7004
6924	2.002	10	100	100	1	20	100	1271
6925	2.002	10	14	1	1	20	100	1627
6926	2.002	10	14	100	7	18	100	7397
6927	2.002	10	100	100	7	3	100	436
6928	2.002	10	19	100	100	1	100	2035
6929	2.002	10	100	100	7	89	100	719
6930	2.002	10	100	1	1	102	100	1627
6931	2.002	18	100	1	1	22	100	1271
6932	2.002	18	100	1	100	90	100	893
6933	2.002	10	100	100	1	102	100	1271
6934	2.002	18	3	1	1	10	100	4758
6935	2.002	10	100	1	1	90	100	1627
6936	2.002	40	100	100	7	89	100	427
6937	2.002	40	19	100	7	4	100	427
6938	2.002	18	14	1	1	10	100	4758
6939	2.002	10	14	100	1	59	100	1271
6940	2.002	41	100	100	1	59	100	1271
6941	2.002	54	100	100	100	1	100	1958
6942	2.002	54	100	100	100	3	100	1958
6943	2.002	54	12	100	1	4	100	5817
6944	2.002	40	100	100	7	1	100	427
6945	2.002	54	13	100	7	4	100	426
6946	2.002	54	3	100	7	4	100	719
6947	2.002	54	4	100	7	1	100	5817
6948	2.002	40	8	100	7	2	100	427
6949	2.002	54	14	100	7	18	100	5817
6950	2.002	54	4	100	7	6	100	5817
6951	2.002	54	14	100	7	20	100	6696
6952	2.002	54	100	100	7	59	100	719
6953	2.002	54	13	100	7	138	100	426
6954	2.002	57	100	100	7	49	100	719
6955	2.002	54	100	100	1	43	100	5817
6956	2.002	57	13	100	1	22	100	3574
6957	2.002	57	14	100	7	22	100	3596
6958	19.001	5	100	100	22	4	100	7326
6959	2.002	69	4	100	1	4	100	5212
6960	2.002	69	14	100	100	4	100	1835
6961	2.002	89	19	100	7	4	100	719
6962	2.002	69	3	100	7	1	100	1661
6963	2.002	65	13	100	1	59	100	1051
6964	2.002	89	4	100	7	4	100	719
6965	2.002	69	13	100	7	4	100	426
6966	2.002	54	37	100	7	22	100	5817
6967	2.002	89	4	100	23	20	100	1658
6968	2.002	89	12	100	7	59	100	719
6969	2.002	69	19	100	7	4	100	719
6970	2.002	89	19	100	7	3	100	719
6971	2.002	89	100	100	7	22	100	719
6972	2.002	69	100	100	1	3	100	1271
6973	2.002	89	14	100	7	26	100	719
6974	2.002	89	100	1	7	4	100	719
6975	2.002	89	100	100	7	23	100	719
6976	2.002	124	4	100	23	20	100	6967
6977	2.002	225	13	100	1	4	100	1771
6978	2.002	54	100	100	100	4	100	1958
6979	2.002	642	13	100	7	26	100	714
6985	2.002	724	100	100	7	4	100	719
6987	166.001	18	100	100	7	4	100	427
6988	2.008	54	100	100	22	2	100	1958
6990	2.008	54	14	1	7	22	100	6992
6994	2.019	54	100	100	7	4	100	719
6995	2.014	10	14	1	15	20	100	7011
6996	2.014	10	1	1	7	20	100	1595
6997	2.024	133	14	1	7	48	100	1839
7000	22.001	10	100	100	100	2	100	190
7001	22.001	69	100	100	100	2	100	190
7003	22.001	54	3	100	100	2	100	1958
7006	2.002	89	42	100	7	4	100	719
7008	2.002	1	13	1	100	2	100	442
7011	19.001	10	14	1	7	20	100	455
7013	19.001	10	13	1	7	15	100	309
7016	166.001	284	8	100	7	4	100	3333
7017	166.001	284	100	100	7	26	100	3333
6980	2.002	642	100	100	7	26	100	719
6981	2.002	89	100	100	7	2	100	719
6982	2.002	378	14	10	100	2	100	3597
6983	2.002	245	100	100	7	4	100	719
6984	2.002	708	100	100	1	4	100	1627
6986	166.001	10	13	100	7	4	100	426
6989	2.008	274	14	100	7	20	100	1202
6991	2.014	10	13	1	100	20	100	1595
6992	2.008	54	13	1	7	22	100	6992
6993	2.014	10	100	100	7	20	100	4739
6998	2.008	54	3	100	100	2	100	1958
6999	2.014	10	100	1	7	20	100	455
7002	22.001	10	37	1	1	89	100	4718
7004	22.001	10	14	100	100	2	100	190
7005	2.002	5	100	1	100	89	100	1654
7007	316.001	54	13	100	1	26	100	1095
7009	2.002	10	14	1	7	7	100	1586
7010	2.002	10	13	1	7	7	100	1586
7012	34.007	9	100	100	7	4	100	1124
7014	19.001	10	13	1	7	22	1	7013
7015	18.001	307	100	1	1	3	100	2482
7018	166.001	89	3	100	7	4	100	719
7019	19.001	89	3	100	1	17	100	Ungroupable
7020	166.001	89	14	100	7	4	100	719
7021	166.001	89	4	100	7	4	100	719
7022	166.001	89	100	100	7	4	100	719
7023	166.001	54	100	100	7	4	100	719
7024	18.001	307	8	1	1	47	100	2482
7025	34.007	10	100	100	7	4	100	1124
7026	166.001	40	4	100	7	4	100	427
7027	2.001	39	1	100	7	3	100	168
7028	2.002	737	12	100	100	7	100	2041
7029	1.013	722	100	100	100	1	100	20
7030	10.001	33	1	1	7	5	100	348
7031	60.001	773	14	100	7	4	1	5526
7032	34.001	507	10	1	7	15	100	Ungroupable
7033	5.002	512	3	1	7	3	100	2148
7034	34.007	512	100	100	7	3	100	436
7037	13.001	25	71	1	7	53	100	497
7038	43.001	1	8	100	1	18	100	186
7039	13.001	16	8	1	7	125	100	345
7040	146.001	36	8	1	2	24	100	501
7041	2.002	19	11	1	7	23	100	73
7042	18.001	308	8	1	2	24	100	501
7043	4.001	25	8	1	7	4	6	281
7044	18.001	1	8	1	7	15	100	199
7045	43.001	16	8	1	7	6	100	2336
7046	2.019	1	8	1	7	6	1	3789
7047	120.001	1	8	1	15	3	100	199
7048	2.002	19	21	1	7	3	100	73
7049	10.001	47	100	1	7	3	100	1392
7050	19.001	89	12	100	7	4	100	719
7051	18.001	539	23	1	2	1	100	Ungroupable
7052	154.001	1	10	1	7	3	100	199
7053	2.002	1	10	1	7	6	1	3789
7054	18.001	1	11	1	7	3	1	428
7055	158.001	1	12	1	1	22	100	958
7056	87.001	1	13	1	1	3	100	127
7057	2.002	1	13	1	7	2	100	470
7058	10.001	1	13	1	7	3	100	199
7059	18.001	19	11	1	7	15	100	1695
7060	18.001	156	13	1	1	3	100	1047
7061	87.001	1	8	1	7	1	100	428
7062	2.002	19	12	1	7	25	1	895
7063	10.001	36	8	1	2	24	2	501
7064	5.002	1	8	1	7	3	1	199
7065	146.001	1	8	1	7	15	2	2454
7066	2.002	54	14	1	7	3	100	1387
7067	60.001	40	8	1	7	3	100	1143
7068	18.001	59	13	1	7	202	100	1178
7069	4.001	25	4	1	1	1	100	2863
7070	18.001	1	8	1	7	25	100	199
7071	12.001	19	8	1	7	3	1	73
7072	2.002	16	12	1	7	3	100	1143
7073	13.001	22	8	1	1	93	100	38
7074	60.001	40	14	1	7	3	1	5793
7075	5.002	19	5	1	1	3	100	127
7076	2.002	1	8	100	1	18	100	2209
7077	13.001	16	23	1	7	125	100	Ungroupable
7078	18.001	1	8	1	7	1	100	199
7079	9.001	1	8	1	16	3	100	127
7080	21.001	1	8	1	7	47	100	199
7081	18.001	1	9	1	7	15	100	428
7082	13.001	1	8	1	1	93	100	127
7083	2.002	19	12	1	7	23	100	73
7084	13.001	19	37	1	1	9	2	38
7085	5.002	1	8	1	7	124	100	199
7086	13.001	25	10	1	7	53	100	497
7087	18.001	1	21	1	34	93	100	Ungroupable
7088	18.001	22	12	1	7	3	100	428
7089	18.001	1	8	1	7	3	12	199
7090	120.001	1	8	1	21	3	100	199
7091	19.001	38	9	1	7	15	100	309
7092	10.003	47	11	1	7	21	100	221
7093	18.001	22	12	1	34	93	100	2473
7094	13.002	1	13	1	21	15	100	2433
7095	5.002	1	48	1	7	3	100	199
7096	5.002	1	8	1	23	3	2	127
7097	18.001	47	8	1	21	21	100	221
7098	13.001	19	8	1	1	177	100	38
7099	2.002	19	8	1	15	8	100	73
7100	13.001	22	8	1	1	9	100	38
7101	18.001	1	9	1	7	3	100	199
7102	10.003	22	13	1	1	52	100	2499
7103	5.002	1	13	1	1	45	2	4392
7104	317.001	222	3	1	7	3	100	2148
7105	93.001	144	3	100	100	100	100	301
7106	94.001	42	1	100	10	2	2	1887
7107	2.002	54	14	100	7	55	100	5817
7108	166.001	89	13	100	7	4	100	719
7109	2.001	1	13	1	1	22	100	958
7110	13.001	16	23	1	7	225	100	Ungroupable
7111	19.001	775	19	100	7	20	100	7319
7112	319.001	18	14	100	100	1	100	17
7113	2.104	9	1	100	100	1	100	63
7114	2.001	777	3	100	7	3	100	3420
7115	318.001	9	3	100	7	3	100	3420
7116	166.001	778	100	1	7	4	100	3333
7117	13.001	779	8	1	7	8	100	1179
7118	2.098	1	13	1	7	8	100	3293
7119	60.001	40	37	1	7	3	1	5793
7120	10.001	47	100	1	7	23	100	Ungroupable
7121	34.019	40	14	100	7	55	100	5285
7122	166.001	40	3	100	7	7	100	3333
7123	34.001	381	1	100	7	3	2	1818
7124	34.001	5	14	1	100	2	100	2712
7125	166.001	10	1	100	7	4	100	2206
7126	2.001	1	100	100	7	26	100	1660
7127	19.001	261	10	1	7	3	100	3099
7128	5.002	10	1	1	7	3	100	1615
7129	34.007	122	100	100	7	3	100	436
7130	34.007	781	3	100	7	3	100	7034
7131	279.002	39	14	100	100	100	100	213
7132	228.001	47	3	1	7	113	100	433
7133	166.001	9	1	100	100	175	100	63
7134	166.001	1	100	100	7	3	100	1660
7135	228.001	54	14	1	5	2	100	3597
7136	285.001	1	8	1	100	2	100	3035
7137	228.001	461	27	1	15	20	100	6884
7138	60.001	22	8	1	34	100	100	2473
7139	60.001	33	100	1	2	100	100	1236
7140	60.001	1	11	13	7	100	100	1133
7141	60.001	1	12	1	7	82	100	1143
7142	60.001	22	8	1	7	213	100	4903
7143	60.001	22	11	100	34	93	100	4903
7144	60.001	22	4	1	34	100	100	4903
7145	60.001	1	11	13	7	82	100	1133
7146	34.044	42	100	100	10	2	100	1958
7147	320.001	222	14	1	7	3	100	1387
7148	5.019	122	3	1	7	3	100	2148
7149	2.001	334	100	100	7	3	100	1660
7150	13.002	1	1	1	7	3	100	199
7151	5.002	381	1	1	7	3	100	1615
7152	60.001	124	14	1	1	226	100	Ungroupable
7153	19.001	47	3	1	7	113	100	433
7154	19.001	54	14	1	5	2	100	3597
7155	19.001	461	27	1	15	20	100	620
7156	34.007	1	4	100	7	3	100	2430
7157	166.001	40	14	100	100	26	100	5515
7158	5.002	40	3	1	7	4	100	2148
7159	166.001	40	3	100	7	26	100	3333
7160	5.028	122	3	1	7	3	100	2148
7161	19.001	18	14	100	1	20	100	1659
7162	5.002	122	14	1	7	4	100	1387
7163	18.001	307	14	1	1	3	100	2482
7164	34.045	381	1	100	7	3	100	1818
7165	43.012	774	100	100	7	6	6	Ungroupable
7166	2.002	782	100	100	7	4	100	719
7167	2.001	775	100	100	1	22	100	1271
7168	112.001	9	3	100	100	3	100	301
7169	13.013	39	4	100	100	100	100	213
7170	2.001	39	1	1	7	3	100	1615
7171	2.001	54	100	100	1	40	100	3574
7172	3.003	39	100	100	7	4	100	168
7173	5.002	222	1	100	7	3	100	1615
7174	5.002	434	1	1	7	3	100	1615
7175	68.001	240	14	100	100	7	100	288
7176	60.001	19	13	1	7	3	1	202
7177	14.001	39	4	100	100	100	100	2885
7178	22.001	69	14	100	100	2	100	1449
7179	237.001	1	8	1	7	3	2	199
7180	1.027	54	100	100	100	1	100	1645
7181	34.019	192	8	1	1	3	2	1234
7182	270.001	33	4	100	7	5	100	Ungroupable
7183	270.001	33	21	100	7	5	100	Ungroupable
7184	81.001	3	1	100	100	2	1	307
7185	1.002	40	14	100	7	4	100	307
7186	43.012	774	100	100	7	6	100	1340
7187	34.048	305	1	100	7	4	100	2206
7188	2.001	839	3	100	1	3	100	1819
7189	166.001	89	16	100	7	4	100	719
7190	14.001	305	100	100	7	6	100	2202
7191	2.002	18	3	100	1	18	100	2209
7192	271.001	40	1	100	7	4	100	1124
7193	294.002	1	11	1	7	3	100	2431
7194	19.001	47	3	1	7	1	100	433
7195	34.007	305	10	100	7	4	100	1124
7196	14.001	54	37	1	7	20	100	6696
7197	2.002	157	13	100	1	59	100	1051
7198	19.001	174	100	1	7	43	100	3311
7200	1.001	54	100	100	7	22	100	5817
7201	1.001	89	100	100	7	4	100	719
7202	1.027	54	100	100	1	59	100	Ungroupable
7203	1.027	54	13	100	1	59	100	Ungroupable
7204	1.027	89	100	100	1	59	100	1051
7205	1.029	10	100	100	100	89	100	2962
7206	100.001	833	100	100	100	2	100	1958
7207	11.001	54	100	1	7	20	100	1641
7208	13.001	22	100	1	34	93	100	2473
7209	13.001	25	13	1	7	43	100	7306
7210	13.001	54	14	100	7	20	100	6696
7211	13.001	54	100	100	7	6	100	1340
7212	13.001	122	8	100	7	6	100	1340
7213	16.002	122	100	100	7	20	100	6696
7214	16.002	122	1	100	7	6	100	1340
7215	16.002	5	13	100	7	20	100	6696
7216	16.002	10	100	100	7	22	100	1367
7217	16.002	10	54	100	7	20	100	6696
7219	16.002	18	100	100	1	49	100	464
7220	16.002	18	100	100	1	18	100	896
7221	16.002	18	13	100	1	49	100	7220
7222	16.002	18	100	100	1	15	100	464
7223	16.002	40	100	100	7	20	100	6696
7224	16.002	47	19	100	7	3	100	5070
7225	16.002	54	1	100	7	55	100	6914
7226	16.002	54	13	100	100	1	100	2873
7228	16.002	54	13	100	7	26	100	6945
7229	16.002	54	13	100	1	18	100	2209
7230	16.002	54	14	100	1	4	102	625
7231	16.002	54	14	100	7	4	100	5817
7232	16.002	54	14	100	7	4	102	3596
7233	16.002	54	14	100	7	26	100	6696
7234	16.002	54	35	100	7	20	100	6696
7235	16.002	54	100	100	7	26	100	5817
7237	16.002	89	13	100	7	18	100	4645
7238	16.002	89	14	100	100	4	100	1203
7239	16.002	89	14	100	7	4	100	719
7240	16.002	89	100	100	7	4	100	719
7241	16.002	89	100	100	7	18	100	719
7242	16.002	89	100	100	7	20	100	719
7243	16.002	89	100	100	7	26	100	719
7244	16.002	89	100	100	7	59	98	7240
7246	16.002	133	3	100	7	20	100	6696
7247	16.002	164	13	100	100	2	100	56
7248	16.002	281	13	100	7	20	100	6696
7249	13.015	54	14	100	7	6	100	4544
7250	14.001	10	3	1	1	22	6	4614
7251	14.001	10	14	10	7	7	100	1586
7252	14.001	10	100	1	1	10	100	1054
7253	14.001	18	13	100	7	24	100	1662
7255	14.001	18	100	100	7	20	100	1662
7256	14.001	54	14	100	15	20	100	6696
7257	14.001	89	14	100	7	20	100	1203
7258	14.001	163	13	100	100	2	101	3478
7259	14.001	169	100	1	100	2	100	432
7260	14.001	332	13	1	7	1	100	1603
7261	14.001	770	100	100	7	20	100	1308
7262	14.001	801	14	100	1	22	100	1362
7264	14.001	786	100	100	1	22	100	1271
7265	14.001	788	13	1	7	7	100	1586
7266	14.001	817	100	100	1	22	100	1271
7267	14.001	837	11	100	1	22	100	1362
7268	14.034	18	14	100	7	24	100	1308
7269	14.035	163	3	100	100	2	100	520
7270	14.035	10	100	100	100	2	100	1958
7272	14.037	18	14	100	100	100	100	1888
7273	153.001	18	1	100	100	1	100	4960
7274	153.001	797	100	100	100	1	100	4960
7275	159.001	787	100	1	1	22	100	4749
7276	166.001	1	100	100	7	26	100	3333
7278	166.001	5	14	100	7	4	100	3333
7279	166.001	18	14	100	7	20	100	1308
7280	166.001	18	14	100	7	4	100	3333
7281	166.001	40	13	100	7	3	100	436
7282	166.001	40	55	100	7	4	100	427
7283	166.001	47	14	100	7	3	100	5375
7284	166.001	89	14	100	7	20	100	1203
7285	166.001	89	100	100	7	22	100	719
7287	166.001	587	14	100	7	3	100	5375
7288	166.001	828	100	100	7	20	100	3333
7289	166.001	828	100	100	7	4	100	427
7290	166.004	1	100	100	7	26	100	Ungroupable
7291	18.001	54	100	1	1	3	100	2482
7292	18.001	69	1	1	1	3	100	2482
7293	18.001	122	100	100	7	6	100	1340
7294	18.001	122	14	100	7	6	100	1340
7296	18.001	755	100	100	1	20	100	6924
7297	19.001	4	13	1	7	7	100	1096
7298	19.001	4	13	100	7	4	100	426
7299	19.001	9	100	100	1	4	100	1771
7300	19.001	10	14	100	7	3	100	6927
7301	19.001	10	100	100	1	20	100	1271
7302	19.001	10	14	100	7	131	100	Ungroupable
7303	19.001	18	100	100	7	15	100	309
7305	19.001	18	100	100	1	20	100	7301
7306	19.001	25	13	1	7	15	100	309
7307	19.001	38	55	1	7	3	100	1096
7308	19.001	47	8	1	7	4	100	433
7309	19.001	47	13	100	7	3	100	3099
7310	19.001	47	100	1	38	26	100	1097
7311	19.001	47	100	100	7	17	100	433
7312	19.001	47	100	1	7	22	100	6892
7314	19.001	54	1	1	7	15	100	309
7315	19.001	54	13	100	7	78	100	6945
7316	19.001	54	13	100	7	4	100	426
7317	19.001	54	14	100	7	20	100	6696
7318	19.001	54	14	1	7	15	100	309
7319	19.001	54	100	100	7	20	100	6696
7320	19.001	54	100	100	7	26	100	1641
7321	19.001	57	100	100	7	20	100	6696
7323	19.001	69	1	100	7	20	100	7319
7324	19.001	69	14	100	7	20	100	6696
7325	19.001	89	3	100	7	4	100	719
7326	19.001	89	100	100	7	4	100	719
7327	19.001	89	100	100	7	59	100	719
7328	19.001	100	100	1	7	4	100	1632
7329	19.001	122	100	100	7	20	100	6696
7330	19.001	124	14	100	7	20	100	6696
7332	19.001	163	3	1	7	2	100	3446
7333	19.001	163	14	100	7	20	100	6696
7334	19.001	164	14	100	7	4	100	3596
7335	19.001	174	3	100	7	20	100	7319
7336	19.001	174	13	100	7	20	100	7319
7337	19.001	174	14	100	7	20	100	7319
7338	19.001	254	13	100	7	15	100	1096
7339	19.001	274	100	100	7	3	100	436
7341	19.001	368	100	100	7	4	100	719
7342	19.001	393	14	1	7	100	100	Ungroupable
7343	19.001	394	14	1	7	100	100	1223
7344	19.001	470	100	1	7	15	100	309
7345	19.001	481	14	1	7	8	100	1223
7346	19.001	486	100	100	100	1	100	1645
7347	19.001	568	13	100	1	4	2	5508
7348	19.001	703	3	100	100	49	100	Ungroupable
7350	19.001	805	4	100	1	22	100	1092
7351	19.001	794	3	1	7	26	100	567
7353	19.001	809	100	100	1	22	100	559
7354	19.001	809	100	100	1	4	100	1771
7355	19.001	813	100	100	100	1	100	1645
7356	19.001	829	13	100	1	20	100	7301
7357	19.027	10	4	100	7	55	100	Ungroupable
7359	19.029	810	13	100	100	2	100	56
7360	19.030	69	14	100	7	20	100	7317
7361	2.001	1	100	100	21	26	100	1660
7362	2.001	8	13	100	1	22	100	3574
7363	2.001	9	100	100	1	26	100	Ungroupable
7364	2.001	10	100	100	100	89	100	845
7365	2.001	10	3	100	7	103	100	4757
7366	2.001	10	14	1	1	49	100	3456
7368	2.001	10	1	1	7	1	100	7367
7369	2.001	10	100	100	7	103	100	4825
7370	2.001	10	100	100	7	59	100	1367
7371	2.001	18	1	100	100	100	100	63
7372	2.001	18	100	1	1	26	100	6880
7373	2.001	18	100	100	1	59	100	1271
7374	2.001	38	13	1	7	8	100	1096
7375	2.001	40	100	100	7	4	100	427
7377	2.001	89	13	100	7	26	100	714
7378	2.001	89	100	1	7	6	100	Ungroupable
7379	2.001	89	100	100	7	3	100	1660
7380	2.001	89	1	100	7	4	100	719
7381	2.001	171	13	100	1	90	12	4728
7382	2.001	722	13	100	1	22	100	3574
7383	2.001	791	100	100	7	1	100	1660
7384	2.001	789	13	100	7	22	100	3574
7386	2.001	811	13	1	1	26	100	208
7387	2.001	816	13	100	1	22	100	3574
7388	2.001	824	100	1	1	78	100	1962
7389	2.002	10	4	100	23	20	100	6967
7390	2.002	10	14	100	1	20	100	1271
7391	2.002	10	14	100	7	1	100	1458
7392	2.002	10	14	1	7	1	100	2036
7393	2.002	10	14	100	7	3	100	436
7395	2.002	10	100	100	1	59	1	1271
7396	2.002	10	100	100	7	59	100	719
7397	2.002	10	100	100	7	22	100	719
7398	2.002	10	100	1	7	1	100	7397
7399	2.002	10	100	1	1	18	100	1627
7400	2.002	18	100	100	7	20	100	436
7401	2.002	18	13	100	7	3	100	436
7402	2.002	18	54	100	7	26	100	2537
7404	2.002	40	100	100	7	59	100	427
7405	2.002	40	100	100	1	59	100	1271
7406	2.002	43	1	100	7	4	100	427
7407	2.002	40	14	100	7	26	100	427
7408	2.002	47	13	100	7	20	100	714
7409	2.002	54	1	100	1	18	100	2209
7410	2.002	54	4	100	7	20	100	6696
7411	2.002	54	8	100	21	26	100	7420
7413	2.002	54	13	100	7	6	100	426
7414	2.002	54	13	100	7	26	100	426
7415	2.002	54	14	100	1	4	102	577
7416	2.002	54	14	1	7	43	100	2732
7417	2.002	54	19	100	7	26	100	5817
7418	2.002	54	100	100	7	1	100	1958
7419	2.002	54	100	100	1	3	100	5817
7420	2.002	54	100	100	7	26	100	1958
7422	2.002	57	100	100	7	22	100	1367
7423	2.002	69	14	100	100	2	100	1958
7424	2.002	69	100	100	100	2	12	1958
7425	2.002	822	100	100	100	2	100	1958
7426	2.109	54	100	100	100	2	100	1958
7427	2.112	378	14	100	100	2	100	3597
7428	43.002	89	1	100	7	2	100	1139
7429	2.002	69	14	100	7	4	100	719
7431	2.002	69	100	100	7	26	100	719
7432	2.002	77	46	100	7	4	100	719
7434	2.002	89	13	100	7	3	100	719
7435	2.002	89	100	100	7	4	1	719
7436	2.002	89	100	100	7	4	12	719
7437	2.002	89	54	100	7	4	100	719
7438	2.002	89	55	100	7	20	100	719
7440	2.002	89	13	100	7	22	100	719
7441	2.002	89	9	100	7	26	100	719
7442	2.002	89	12	100	7	26	100	719
7443	2.002	89	13	100	1	26	100	714
7444	2.002	89	1	100	7	49	100	719
7445	2.002	89	100	100	1	59	100	1271
7446	2.002	89	13	100	7	78	100	719
7447	2.002	89	3	100	7	202	100	719
7449	2.002	225	13	100	7	20	100	714
7450	2.002	225	14	100	7	20	100	1203
7451	2.002	242	100	1	1	26	100	1275
7452	2.002	252	13	100	7	4	100	426
7453	2.002	252	19	100	7	4	100	719
7454	2.002	274	14	100	7	4	100	719
7455	2.002	274	13	100	7	26	100	714
7456	2.002	284	100	100	7	4	100	719
7458	2.002	307	14	100	7	4	100	719
7459	2.002	344	100	100	1	59	100	1271
7460	2.002	592	13	100	7	26	100	714
7461	2.002	638	3	100	7	4	100	719
7462	2.002	642	13	100	55	26	100	4645
7463	2.002	642	3	100	7	26	100	1661
7464	2.002	793	100	100	100	100	100	1958
7465	2.002	798	100	100	7	4	100	719
7467	2.002	783	100	100	1	3	100	1271
7468	2.002	784	100	1	7	20	100	430
7469	2.002	785	100	100	1	59	100	1271
7470	2.002	802	3	100	7	4	100	719
7471	2.002	803	100	100	7	3	100	436
7472	2.002	806	19	100	7	4	100	719
7473	2.002	807	100	100	7	4	100	719
7474	2.002	814	13	100	1	4	100	1771
7476	2.002	825	100	100	1	22	100	1271
7477	2.002	826	13	100	1	59	100	1051
7478	2.002	830	14	100	7	4	100	719
7479	2.002	831	1	100	15	20	100	6102
7480	2.002	832	100	100	7	3	100	436
7481	2.008	813	13	1	7	22	100	6992
7482	2.008	89	55	1	7	20	100	1664
7483	2.008	9	100	100	100	100	100	845
7485	2.014	54	14	1	7	20	100	1664
7486	2.106	378	3	100	1	4	100	6839
7487	2.107	18	100	100	7	4	100	3333
7488	2.108	10	14	1	1	4	100	1627
7489	2.110	54	13	1	1	20	100	6904
7490	2.110	54	100	1	1	20	100	1641
7491	2.110	54	1	1	1	20	100	6904
7492	2.111	40	3	100	7	4	100	427
7494	2.114	54	14	1	7	22	100	6992
7495	2.115	10	14	100	1	102	100	1890
7496	2.116	40	13	100	100	4	100	426
7497	22.001	827	19	1	1	49	100	4718
7498	273.001	18	13	100	7	4	100	426
7499	273.001	18	100	100	7	18	100	3938
7500	273.001	18	14	100	7	24	100	1308
7501	273.001	18	13	100	1	24	100	Ungroupable
7503	273.001	40	14	100	7	3	100	436
7504	273.001	40	100	100	7	4	100	427
7505	273.001	89	100	100	7	4	100	719
7506	273.001	89	14	100	7	4	100	719
7507	273.001	89	100	1	1	20	100	Ungroupable
7508	273.001	174	14	100	7	4	100	1203
7509	273.001	796	100	100	7	18	100	7499
7510	273.001	812	13	100	7	4	100	Ungroupable
7512	3.001	69	4	100	1	18	100	Ungroupable
7513	3.001	89	100	100	7	78	100	719
7515	322.001	54	100	100	100	1	100	1645
7516	322.002	54	100	100	100	1	100	1645
7517	323.001	14	100	100	100	1	100	1645
7518	324.001	89	100	100	7	4	100	719
7519	325.001	89	4	100	7	4	100	719
7521	327.001	47	1	100	1	20	100	6891
7522	329.001	8	100	100	1	22	100	1271
7523	328.001	89	1	100	7	4	100	719
7524	330.001	54	100	100	7	26	100	5817
7525	333.001	122	3	100	21	20	100	6824
7526	332.001	40	4	100	7	4	100	1124
7527	331.001	54	100	1	7	20	100	1641
7528	335.001	54	100	100	7	6	100	1340
7530	335.002	563	35	100	7	3	100	Ungroupable
7531	336.001	10	3	100	14	22	100	4763
7532	334.001	40	13	1	7	4	100	2991
7533	34.007	587	13	100	7	3	100	4529
7534	34.007	804	1	100	7	4	100	1124
7535	34.007	216	13	100	7	4	100	4529
7536	34.007	10	14	100	7	4	100	1124
7537	34.007	40	37	100	7	4	100	1124
7539	34.007	89	100	100	7	4	100	719
7540	34.007	9	100	100	1	4	100	1124
7541	34.007	40	1	100	7	20	100	1124
7542	34.007	54	1	100	7	20	100	2206
7543	34.007	40	1	100	7	131	100	1124
7544	34.007	54	16	100	7	20	100	6696
7545	34.046	40	1	100	7	4	100	1124
7546	34.047	130	1	100	1	3	100	1925
7548	43.002	65	100	100	7	6	100	1340
7549	43.002	54	13	100	7	22	100	6945
7550	43.002	54	19	100	1	22	100	559
7551	43.002	89	100	100	1	22	100	559
7552	43.002	89	100	100	7	26	100	719
7553	43.002	54	100	1	7	100	100	6904
7554	5.002	18	13	100	7	20	100	1308
7555	5.002	18	100	100	7	20	100	3938
7557	60.001	18	13	100	7	24	100	1662
7558	60.001	18	14	100	7	3	100	1308
7559	60.001	18	14	100	7	20	100	1308
7560	60.001	18	37	1	7	3	100	6342
7561	60.001	18	100	100	7	24	100	Ungroupable
7562	60.001	18	100	1	7	3	100	233
7563	60.001	18	100	100	1	20	100	7301
7564	60.001	19	13	1	1	3	1	7176
7566	60.001	54	13	100	1	20	100	7567
7567	60.001	54	14	100	1	20	100	6696
7568	60.001	69	14	100	7	20	100	7317
7569	60.001	89	12	1	7	98	100	1143
7570	60.001	89	13	1	7	3	100	233
7571	60.001	89	13	1	1	3	1	5793
7572	60.001	89	13	100	7	3	1	5793
7573	60.001	89	13	100	7	4	100	719
7575	60.001	89	14	1	7	3	1	5793
7576	60.001	89	14	1	7	20	100	1202
7577	60.001	89	14	1	7	59	100	7579
7578	60.001	89	14	100	7	3	100	1203
7579	60.001	89	14	100	7	20	100	1203
7580	60.001	89	14	100	7	26	100	1203
7581	60.001	89	50	100	7	4	100	719
7582	60.001	89	55	100	1	4	100	6155
7584	60.001	124	14	100	1	20	100	1659
7585	60.001	124	100	100	1	20	100	715
7586	60.001	174	14	100	7	20	100	1202
7587	60.001	174	14	1	7	3	100	6342
7588	60.001	174	100	1	7	20	100	1676
7589	60.001	174	100	100	7	20	2	1676
7590	60.001	174	100	100	21	20	100	1676
7591	60.001	245	13	1	7	3	100	233
7593	60.001	759	13	1	7	3	100	233
7594	60.001	773	8	100	7	4	1	Ungroupable
7199	1.001	19	13	1	7	3	1	7176
2746	12.001	22	12	1	34	93	100	2473
3628	12.001	89	13	100	7	4	100	719
7218	16.002	10	13	100	7	26	100	4645
6729	16.002	18	100	100	7	20	100	6696
7227	16.002	54	13	100	1	4	102	Ungroupable
7236	16.002	82	14	100	7	20	100	6696
7245	16.002	89	100	100	21	20	100	1658
7254	14.001	18	14	100	7	24	100	1662
7263	14.001	14	19	100	100	2	100	463
7271	14.036	10	13	100	1	4	100	1771
7277	166.001	1	100	100	7	4	100	427
7286	166.001	174	100	100	7	3	100	436
7295	18.001	307	8	1	1	26	100	2482
7304	19.001	18	13	100	7	3	100	1350
7313	19.001	49	1	100	7	20	100	7319
7322	19.001	69	13	1	7	15	100	309
7331	19.001	163	3	1	7	22	100	3446
7340	19.001	368	13	1	7	18	100	1096
7349	19.001	722	3	1	7	49	100	248
7352	19.001	808	4	100	1	22	100	1092
7358	19.028	69	100	100	7	20	100	7319
7367	2.001	10	13	1	7	1	100	5208
7376	2.001	54	13	1	7	1	100	7367
7385	2.001	795	4	100	1	59	100	1345
7394	2.002	10	54	100	7	4	100	719
7403	2.002	18	13	100	1	59	100	1051
7412	2.002	54	12	1	7	55	100	5994
7421	2.002	57	1	100	7	22	100	7397
7430	2.002	69	14	100	1	22	100	1271
7433	2.002	89	3	100	1	1	100	1661
7439	2.002	89	3	100	7	20	100	719
7448	2.002	163	100	100	7	4	100	719
7457	2.002	307	100	100	7	4	100	719
7466	2.002	799	19	100	7	3	100	6961
7475	2.002	823	3	100	7	4	100	719
7484	2.008	54	100	1	23	20	100	6904
7493	2.113	708	100	100	1	4	100	1771
7502	273.001	19	100	1	7	3	1	430
7511	3.001	838	8	1	1	18	100	6230
7514	3.003	800	1	100	7	20	100	6102
7520	326.001	38	13	1	7	3	100	1096
7529	335.002	54	100	1	7	20	100	1641
2477	34.007	40	11	100	7	4	100	1124
7538	34.007	40	100	100	7	4	99	1124
7547	43.002	54	100	1	7	4	100	6904
2875	43.002	122	3	100	7	6	100	1340
7556	60.001	1	13	100	7	4	100	426
7565	60.001	40	13	1	7	3	1	5793
7574	60.001	89	13	100	1	20	100	7567
7583	60.001	124	14	1	1	20	100	1659
7592	60.001	249	13	100	7	4	100	714
7595	60.001	818	13	1	7	20	100	Ungroupable
7596	43.013	713	100	100	7	20	100	1658
7597	100.020	18	14	1	7	20	100	1304
7598	60.003	174	100	100	7	20	100	7319
7599	60.003	174	14	100	34	20	100	7337
7600	60.003	174	14	100	7	20	100	1676
7601	60.005	10	100	100	7	202	100	1367
7602	67.005	40	100	100	7	4	100	427
7603	9.001	1	13	1	7	22	100	958
7604	9.001	1	13	100	1	3	100	377
7605	9.001	89	13	1	1	3	100	377
7606	9.001	122	3	100	21	20	100	6824
7607	9.001	174	14	100	7	20	100	1676
7608	9.001	276	100	1	1	49	100	1054
7609	9.001	793	3	100	7	20	100	6824
7610	9.001	820	100	1	1	22	2	5585
7611	9.001	100	3	100	7	103	100	4757
7612	9.001	815	1	1	7	20	100	Ungroupable
7613	9.001	815	13	1	7	20	100	268
7614	9.001	819	100	1	1	22	100	1054
7615	9.016	69	19	1	1	22	100	1623
7616	9.017	821	19	1	1	22	100	1623
7617	5.002	39	100	1	7	3	100	199
7618	13.001	25	14	1	7	43	100	Ungroupable
7619	34.007	9	3	100	7	3	100	-
7620	337.001	9	1	100	7	3	100	-
7621	166.001	641	14	100	7	100	100	-
7622	2.002	89	14	100	7	22	100	-
7623	2.001	40	100	100	100	1	100	-
7624	14.001	10	3	100	1	228	100	-
7625	282.001	222	1	1	7	3	2	-
7626	166.001	840	14	100	7	7	100	-
7627	18.001	1	1	1	100	2	100	-
7628	34.049	305	100	100	100	4	100	-
7629	198.004	587	1	100	7	3	2	-
7630	14.001	841	3	100	100	7	100	-
7631	166.001	15	14	100	100	7	6	-
7632	2.001	39	1	1	100	2	100	-
7633	242.003	842	1	1	7	3	100	-
7634	34.007	39	100	100	7	100	100	-
7635	73.001	39	1	100	1	90	1	-
7636	5.002	222	1	1	100	3	2	-
7637	2.001	10	1	100	100	2	100	-
7638	14.001	5	100	100	100	1	100	-
7639	2.001	16	8	1	100	2	100	-
7640	22.001	10	13	1	100	100	100	-
7641	2.002	19	78	1	100	2	100	-
7642	12.001	19	8	1	100	1	100	-
7643	22.001	10	4	100	100	7	100	-
7644	19.001	1	13	1	100	2	100	-
7645	2.006	88	13	100	100	1	100	-
7646	2.006	10	13	100	100	1	12	-
7647	2.001	19	8	1	100	1	100	-
7648	2.001	22	8	1	100	1	100	-
7649	2.002	22	30	1	100	1	100	-
7650	19.001	10	14	100	100	7	100	-
7651	4.001	10	14	100	100	7	100	-
7652	22.001	16	8	1	100	2	100	-
7653	2.002	22	8	1	100	2	100	-
7654	22.001	19	6	1	100	2	15	-
7655	22.001	19	5	1	100	2	15	-
7656	22.001	25	4	1	100	1	100	-
7657	22.001	36	8	1	100	1	100	-
7658	22.001	57	1	100	100	2	100	-
7659	22.001	57	14	100	100	2	100	-
7660	22.001	550	8	100	100	2	100	-
7661	2.002	25	13	100	100	100	100	-
7662	2.002	57	1	100	100	2	100	-
7663	19.001	18	30	1	100	1	62	-
7664	1.001	57	14	100	100	2	100	-
7665	4.001	21	100	1	100	1	100	-
7666	4.001	25	8	1	100	2	100	-
7667	12.001	724	13	1	5	3	100	-
7668	4.001	20	1	100	100	100	100	-
7669	2.008	10	3	100	100	2	100	-
7670	22.001	550	13	100	100	2	100	-
7671	12.001	1	8	1	3	1	100	-
7672	2.002	225	8	100	1	4	100	-
7673	2.001	36	8	1	100	100	100	-
7674	203.001	22	8	1	100	2	100	-
7675	2.006	10	13	100	100	1	100	-
7676	2.002	536	4	100	100	2	100	-
7677	19.001	25	14	1	100	2	6	-
7678	88.001	19	3	100	7	3	100	-
7679	19.001	25	8	1	7	15	100	-
7680	1.001	843	5	1	100	2	100	-
7681	22.001	844	14	1	100	2	100	-
7682	14.001	845	1	100	100	7	100	-
7683	14.001	845	14	100	100	7	100	-
7684	338.001	122	8	1	7	3	100	-
7685	60.001	1	8	1	23	3	2	-
7686	34.041	664	8	1	1	18	100	-
7687	5.002	846	1	1	7	3	100	-
7688	5.002	847	1	1	7	3	100	-
7689	5.029	222	1	1	7	3	100	-
7690	166.001	40	1	100	7	26	100	-
7691	184.001	305	100	100	100	4	100	-
7692	60.001	848	4	1	7	3	100	-
7693	13.001	19	8	1	7	62	100	-
7694	43.001	19	8	1	7	115	100	-
7695	205.001	33	8	1	2	9	100	-
7696	34.007	40	11	100	7	84	100	-
7697	13.002	1	8	1	7	181	100	-
7698	18.001	1	12	1	1	181	100	-
7699	60.001	1	12	1	7	181	100	-
7700	34.007	40	11	100	7	181	100	-
7701	21.001	1	9	1	7	92	100	-
7702	13.001	1	13	1	15	82	100	-
7703	10.001	47	8	1	7	47	100	-
7704	13.002	25	4	1	7	82	100	-
7705	13.001	1	13	1	15	181	100	-
7706	205.001	22	8	1	34	93	100	-
7707	13.001	19	8	1	34	93	100	-
7708	60.001	174	100	1	7	3	100	-
7709	10.006	22	4	1	1	52	100	-
7710	10.006	19	8	1	1	9	100	-
7711	334.001	1	13	1	7	3	100	-
7712	10.003	19	8	1	1	9	100	-
7713	14.001	597	3	100	100	7	100	-
7714	166.005	40	14	100	7	26	100	-
7715	5.002	597	3	1	7	3	100	-
7716	34.001	1	71	1	1	3	100	-
7717	3.005	39	100	100	7	100	100	-
7718	167.001	16	10	1	1	10	2	-
7719	2.001	1	100	100	7	4	2	-
7720	34.001	1	1	100	100	3	100	-
7721	339.001	39	12	100	77	229	100	-
7722	34.001	407	3	100	7	3	100	-
7723	338.001	774	8	1	7	3	100	-
7724	93.001	25	62	100	100	100	2	-
7725	10.006	247	12	1	7	15	100	-
7726	15.001	1	8	1	7	3	2	-
7727	18.001	36	8	1	2	1	2	-
7728	2.001	670	3	100	100	100	1	-
7729	34.007	40	4	100	7	3	100	-
7730	44.001	16	100	1	1	3	100	-
7731	2.061	39	1	100	100	100	100	-
7732	34.007	122	55	100	7	6	100	-
7733	2.001	40	1	100	7	20	100	-
7734	2.002	54	4	100	1	18	100	-
7735	2.002	19	13	100	1	4	100	-
7736	2.001	1	11	100	100	100	2	-
7737	9.001	1	12	1	1	22	2	-
7738	41.001	1	11	1	1	3	1	-
7739	10.001	1	100	1	1	47	2	-
7740	60.001	19	11	1	21	15	55	-
7741	2.002	57	14	100	1	22	100	-
7742	16.002	54	14	100	1	59	100	-
7743	12.001	159	13	1	16	49	100	-
7744	2.001	1	1	1	47	2	100	-
7745	93.001	1	1	1	100	2	93	-
7746	43.002	1	1	1	7	3	100	-
7747	93.001	222	1	1	7	3	100	-
7748	2.079	772	1	1	7	3	100	-
7749	268.001	122	1	100	7	3	100	-
7750	22.024	15	100	100	100	7	100	-
7751	16.002	89	14	100	7	18	100	-
7752	93.001	69	3	100	100	100	100	-
7753	93.001	520	3	100	100	100	100	-
7754	34.007	1	1	100	7	133	100	-
7755	2.001	9	54	100	100	175	100	-
7756	60.001	22	11	1	34	213	100	-
7757	60.001	1	31	1	34	93	100	-
7758	60.001	22	11	1	7	3	100	-
7759	60.001	22	8	1	7	3	100	-
7760	60.001	33	100	13	7	5	100	-
7761	60.001	19	12	1	34	3	100	-
7762	60.001	22	8	1	2	3	97	-
7763	93.001	1	1	1	100	2	100	-
7764	14.001	854	3	100	100	7	100	-
7765	14.038	512	3	100	100	7	100	-
7766	14.001	512	3	100	80	7	100	-
7767	332.001	772	14	100	7	26	100	-
7768	60.001	19	12	1	78	3	100	-
7769	10.001	33	12	1	2	204	100	-
7770	10.001	18	13	1	7	204	100	-
7771	10.008	47	100	1	7	3	100	-
7772	60.001	200	14	1	1	20	100	-
7773	5.002	36	8	1	1	3	2	-
7774	2.001	39	85	100	7	4	100	-
7775	2.002	618	100	100	10	2	100	-
7776	2.002	122	12	100	7	6	100	-
7777	166.001	122	3	1	7	3	100	-
7778	166.001	40	1	100	100	26	100	-
7779	34.038	22	4	1	1	52	100	-
7780	44.001	16	3	1	1	90	2	-
7781	101.001	25	17	1	2	4	2	-
7782	15.001	142	100	100	100	234	100	-
7783	34.007	122	14	100	7	3	100	-
7784	2.105	39	3	100	100	100	100	-
7785	2.002	122	100	100	7	4	100	-
7786	5.002	24	1	1	7	3	100	-
7787	5.002	60	3	100	1	3	100	-
7788	5.002	512	3	100	7	3	100	-
7789	14.001	29	100	100	7	7	100	-
7790	2.001	856	3	100	100	3	2	-
7791	34.007	307	100	1	1	3	100	-
7792	72.006	512	3	100	7	3	100	-
7793	2.001	857	14	1	100	2	100	-
7794	14.001	39	8	100	100	2	100	-
7795	14.039	130	3	100	100	2	100	-
7796	2.002	89	100	100	7	202	100	-
7797	34.007	512	3	100	100	3	100	-
7798	2.001	39	100	100	100	1	2	-
7799	9.001	9	10	100	7	100	100	-
7800	140.002	512	3	100	100	7	100	-
7801	3.003	39	94	100	7	100	100	-
7802	5.002	858	1	1	7	3	100	-
7803	34.007	512	1	100	7	3	100	-
7804	2.001	9	11	100	100	3	100	-
7805	2.117	9	1	100	100	1	100	-
7806	67.007	1	100	100	7	3	100	-
7807	34.051	9	1	100	7	3	100	-
7808	14.001	39	100	1	7	3	100	-
7809	34.007	40	100	100	7	143	100	-
7810	2.001	39	1	1	100	20	100	-
7811	19.031	261	13	1	7	3	100	-
7812	3.003	39	1	100	7	100	100	-
7813	60.001	40	8	1	7	3	77	-
7814	5.002	222	1	1	100	3	100	-
7815	5.002	587	1	1	7	3	100	-
7816	2.001	9	1	100	100	100	41	-
7817	2.002	771	13	100	7	4	100	-
7818	15.001	855	100	100	100	2	100	-
7819	34.001	381	3	1	7	3	100	-
7820	2.001	381	1	100	7	3	100	-
7821	2.001	39	3	100	53	100	100	-
7822	34.001	1	10	1	1	25	100	-
7823	2.001	39	100	100	1	3	100	-
7824	2.002	859	100	100	10	2	100	-
7825	34.007	860	3	100	7	3	100	-
7826	34.001	381	64	100	7	3	100	-
7827	13.001	1	12	1	100	3	100	-
7828	2.001	1	100	100	7	26	2	-
7829	34.007	40	100	100	7	15	100	-
7830	166.001	356	100	100	7	2	100	-
7831	2.001	774	13	100	7	3	100	-
7832	2.002	89	1	1	7	3	100	-
7833	2.001	9	6	100	100	218	100	-
7834	34.001	407	1	100	7	3	12	-
7835	60.001	40	100	100	7	4	100	-
7836	2.001	1	8	100	7	3	100	-
7837	34.007	33	14	1	2	5	100	-
7838	9.001	1	100	1	15	55	100	-
7839	2.001	774	14	100	7	3	100	-
7840	34.019	1	4	1	1	10	100	-
7841	2.001	89	14	100	7	3	100	-
7842	14.001	512	14	100	100	7	100	-
7843	2.051	1	100	100	7	3	100	-
7844	9.001	9	1	100	7	3	100	-
7845	356.001	9	1	100	100	1	100	-
7846	5.002	89	13	1	7	3	100	-
7847	2.001	346	100	1	1	71	6	-
7848	34.007	512	100	100	7	4	100	-
7849	2.001	5	3	100	1	3	100	-
7850	2.002	136	3	100	7	22	2	-
7851	2.002	89	13	100	7	138	100	-
7852	34.007	284	13	100	7	4	100	-
7853	4.001	305	1	100	7	4	100	-
7854	43.002	1	12	1	7	198	100	-
7855	14.001	744	14	100	7	20	100	-
7856	34.019	192	8	1	1	3	100	-
7857	5.002	1	1	1	7	3	100	-
7858	1.030	16	100	1	7	3	100	-
7859	2.001	39	11	100	47	4	100	-
7860	14.001	866	3	100	100	100	100	-
7861	1.020	871	100	100	1	18	106	-
7862	2.120	47	14	100	1	4	100	-
7863	2.002	5	100	100	7	49	100	-
7864	34.007	860	100	1	7	3	100	-
7865	2.002	10	3	100	7	4	100	-
7866	10.001	38	3	1	7	26	100	-
7867	34.007	39	100	100	7	4	100	-
7868	34.001	9	3	100	7	239	100	-
7869	34.007	305	3	100	7	3	100	-
7870	2.002	122	3	100	7	6	100	-
7871	2.002	89	3	100	7	4	12	-
7872	34.007	40	3	100	7	17	100	-
7873	72.004	878	8	1	7	26	100	-
7874	5.002	222	64	1	7	3	100	-
7875	2.001	864	1	100	100	175	100	-
7876	2.001	862	3	100	100	3	100	-
7877	1.001	861	100	100	100	1	100	-
7878	354.001	407	1	100	7	3	100	-
7879	93.001	865	3	100	100	100	100	-
7880	355.001	25	3	100	100	100	100	-
7881	44.001	860	1	1	1	10	2	-
7882	34.012	69	55	100	7	4	100	-
7883	34.001	512	3	100	7	3	100	-
7884	34.001	39	3	100	7	3	100	-
7885	14.001	641	14	100	100	100	100	-
7886	19.001	15	13	1	7	15	100	-
7887	5.002	39	100	1	7	143	100	-
7888	2.001	587	11	100	7	3	100	-
7889	5.002	381	1	100	7	3	100	-
7890	34.007	305	100	100	81	4	100	-
7891	14.001	881	14	100	1	22	100	-
7892	14.001	854	3	100	7	7	100	-
7893	5.030	597	1	1	7	3	100	-
7894	2.001	291	1	100	100	175	100	-
7895	2.001	9	14	100	7	3	4	-
7896	3.006	39	100	100	7	100	100	-
7897	30.002	47	12	1	7	21	100	-
7898	2.002	886	1	100	7	20	100	-
7899	34.007	40	3	100	7	100	100	-
7900	14.001	39	100	100	100	20	100	-
7901	320.001	222	3	1	7	143	100	-
7902	2.020	39	14	100	100	7	100	-
7903	60.009	40	100	100	7	4	100	-
7904	2.001	882	100	100	7	45	100	-
7905	60.001	18	13	100	7	240	1	-
7906	34.007	192	10	1	1	3	100	-
7907	34.007	40	3	100	7	3	100	-
7908	5.002	39	3	1	47	3	100	-
7909	60.001	18	13	10	7	240	12	-
7910	1.001	9	1	100	100	100	100	-
7911	14.001	130	1	100	100	56	100	-
7912	208.003	40	1	100	7	3	100	-
7913	34.001	381	1	1	7	3	100	-
7914	21.001	49	100	100	7	20	100	-
7915	34.001	381	1	100	1	3	100	-
7916	34.001	381	100	100	7	3	100	-
7917	34.001	9	3	100	100	3	100	-
7918	34.002	9	1	100	7	3	100	-
7919	34.007	182	100	100	7	4	100	-
7920	34.007	192	3	1	68	3	100	-
7921	34.007	22	1	100	7	3	100	-
7922	34.007	305	1	100	7	4	55	-
7923	34.007	22	3	100	7	3	100	-
7924	361.001	10	1	16	1	4	100	-
7925	34.008	42	100	100	7	44	100	-
7926	34.007	40	3	1	7	4	100	-
7927	34.007	40	1	100	7	100	100	-
7928	44.001	40	13	100	7	4	100	-
7929	5.002	135	1	1	7	3	100	-
7930	5.002	222	13	1	7	3	100	-
7931	5.002	142	1	100	7	3	100	-
7932	5.002	122	8	1	7	3	2	-
7933	5.002	39	10	100	7	4	2	-
7934	43.002	122	8	100	7	192	100	-
7935	4.003	39	1	100	100	100	100	-
7936	34.007	402	100	100	7	4	100	-
7937	5.002	884	1	1	7	3	100	-
7938	5.031	222	1	1	7	3	100	-
7939	5.003	122	3	1	7	3	100	-
7940	5.002	632	13	1	7	100	100	-
7941	9.001	122	1	100	7	100	100	-
7942	5.002	844	1	1	7	3	100	-
7943	9.001	48	11	100	7	3	100	-
7944	5.002	42	100	1	7	3	100	-
7945	93.001	9	1	100	100	175	100	-
7946	2.001	9	1	100	52	3	100	-
7947	14.001	130	3	100	100	2	6	-
7948	14.001	5	3	100	100	2	100	-
7949	19.001	48	1	100	7	15	100	-
7950	19.001	10	100	1	1	22	100	-
7951	19.001	89	4	100	1	26	100	-
7952	2.001	1	100	100	100	3	100	-
7953	2.001	1	4	100	7	3	100	-
7954	2.001	1	3	100	7	3	2	-
7955	2.001	130	1	100	100	2	100	-
7956	2.001	122	45	100	100	100	100	-
7957	2.001	25	14	100	1	202	100	-
7958	18.001	16	13	1	7	21	100	-
7959	2.001	40	13	100	100	3	100	-
7960	2.001	40	100	1	7	3	2	-
7961	2.001	62	100	100	100	100	100	-
7962	2.001	40	64	1	7	3	100	-
7963	2.001	869	100	100	100	100	100	-
7964	2.001	89	100	100	7	20	100	-
7965	2.001	9	14	100	1	4	100	-
7966	2.001	9	3	100	7	3	4	-
7967	2.001	39	37	1	100	100	100	-
7968	19.001	10	1	1	1	4	100	-
7969	2.002	18	100	100	1	26	100	-
7970	2.002	18	14	100	7	7	100	-
7971	2.002	222	3	1	7	3	100	-
7972	2.002	284	100	100	7	9	100	-
7973	2.002	18	14	1	7	2	100	-
7974	2.002	252	14	100	7	4	6	-
7975	2.002	40	100	100	7	47	100	-
7976	2.002	16	100	1	1	45	100	-
7977	2.002	124	1	100	7	4	6	-
7978	166.003	159	1	100	100	2	100	-
7979	166.001	40	54	100	7	4	100	-
7980	2.002	89	100	100	7	4	105	-
7981	2.002	5	14	100	1	3	100	-
7982	2.002	870	100	100	7	3	100	-
7983	2.002	89	13	100	7	125	100	-
7984	2.002	89	46	100	7	4	100	-
7985	16.002	10	14	100	7	68	100	-
7986	2.121	1	1	1	100	2	100	-
7987	2.122	42	14	100	10	2	100	-
7988	2.002	42	6	100	10	2	100	-
7989	14.001	69	100	1	1	3	100	-
7990	14.001	512	3	1	100	7	100	-
7991	16.002	18	14	100	1	26	100	-
7992	2.123	9	3	100	100	3	2	-
7993	14.001	5	3	100	7	20	100	-
7994	361.001	10	1	1	1	4	100	-
7995	2.001	868	1	100	100	100	100	-
7996	14.001	18	13	100	70	188	100	-
7997	19.001	10	3	100	22	7	100	-
7998	5.002	882	1	1	7	3	100	-
7999	14.001	39	14	100	100	3	100	-
8000	103.002	54	100	1	7	15	100	-
8001	9.001	10	100	1	7	103	100	-
8002	2.002	879	1	100	7	20	100	-
8003	2.002	40	100	100	7	9	100	-
8004	2.001	39	8	1	7	100	100	-
8005	2.002	40	100	100	7	7	100	-
8006	2.002	10	14	100	1	3	100	-
8007	359.001	877	1	1	7	3	100	-
8008	14.001	240	13	1	1	49	107	-
8009	34.001	39	11	100	7	3	100	-
8010	15.001	40	1	100	7	4	100	-
8011	13.001	19	8	1	1	3	100	-
8012	19.001	40	13	100	7	4	108	-
8013	2.001	222	1	1	7	238	100	-
8014	2.001	727	3	100	7	3	100	-
8015	5.002	40	1	100	7	3	100	-
8016	2.001	39	100	100	22	100	100	-
8017	2.002	14	3	100	7	4	100	-
8018	34.007	305	11	100	7	4	100	-
8019	5.002	305	3	100	7	4	100	-
8020	2.002	122	14	1	1	3	100	-
8021	14.001	130	3	100	7	4	100	-
8022	360.001	10	100	1	7	26	100	-
8023	2.001	25	1	100	7	3	100	-
8024	5.002	874	1	1	7	3	100	-
8025	14.001	18	3	100	7	100	100	-
8026	2.002	69	100	100	7	3	100	-
8027	2.002	10	13	100	1	3	100	-
8028	5.002	10	100	1	1	3	100	-
8029	103.001	1	100	1	1	3	100	-
8030	9.009	1	100	100	7	3	100	-
8031	13.001	19	3	1	1	4	100	-
8032	5.002	222	1	100	7	3	2	-
8033	2.001	880	11	100	100	100	100	-
8034	2.002	9	100	100	7	4	100	-
8035	234.002	39	100	100	100	100	100	-
8036	10.001	33	21	100	2	5	100	-
8037	19.014	18	14	100	7	8	100	-
8038	2.001	1	1	1	47	190	2	-
8039	160.004	62	100	100	100	2	100	-
8040	196.001	307	100	1	1	3	100	-
8041	19.001	89	11	1	7	55	100	-
8042	2.002	89	12	100	7	202	100	-
8043	2.001	873	100	100	7	3	100	-
8044	9.001	885	1	100	100	2	100	-
8045	5.002	222	100	1	7	3	2	-
8046	9.001	883	12	1	2	227	6	-
8047	5.002	39	1	1	7	3	2	-
8048	34.007	305	1	100	7	2	100	-
8049	2.002	621	13	100	1	59	100	-
8050	14.002	15	1	100	7	7	6	-
8051	34.053	192	8	1	1	3	100	-
8052	14.040	39	100	100	100	100	6	-
8053	5.002	122	3	1	7	3	105	-
8054	34.007	192	54	1	68	3	100	-
8055	60.001	1	8	1	1	3	100	-
8056	19.001	892	14	100	7	20	100	-
8057	34.007	54	3	100	7	3	100	-
8058	363.001	40	11	100	7	4	100	-
8059	5.002	39	3	1	7	2	100	-
8060	13.001	22	11	1	34	93	100	-
8061	13.001	64	8	1	7	3	1	-
8062	60.001	665	8	1	7	3	100	-
8063	5.002	1	4	1	7	23	100	-
8064	9.001	437	27	1	1	3	100	-
8065	18.001	174	46	1	7	15	100	-
8066	72.006	1	12	1	34	3	100	-
8067	10.001	36	8	1	2	160	100	-
8068	18.001	1	13	1	1	39	38	-
8069	34.019	1	10	100	7	3	100	-
8070	27.003	1	8	1	1	3	100	-
8071	103.001	1	71	1	1	3	100	-
8072	18.001	1	13	1	1	39	100	-
8073	21.001	47	4	1	7	3	100	-
8074	43.002	47	19	1	7	21	100	-
8075	60.001	19	16	1	7	3	100	-
8076	2.002	1	8	1	34	93	100	-
8077	60.001	40	4	1	34	15	100	-
8078	12.001	1	8	1	7	6	100	-
8079	34.007	36	9	1	7	8	100	-
8080	22.001	1	17	1	7	3	100	-
8081	18.001	1	71	1	7	3	100	-
8082	18.001	47	4	1	7	3	100	-
8083	34.007	40	11	100	21	3	100	-
8084	13.002	1	17	1	7	3	100	-
8085	13.002	25	12	1	2	3	100	-
8086	34.007	40	24	100	7	4	100	-
8087	19.001	38	4	1	7	15	100	-
8088	12.001	22	8	1	34	23	100	-
8089	103.001	1	48	1	1	3	100	-
8090	43.002	1	87	1	15	3	100	-
8091	34.007	40	11	100	21	202	100	-
8092	18.001	16	12	1	7	36	100	-
8093	10.022	310	12	1	7	3	100	-
8094	5.032	1	12	1	7	3	100	-
8095	10.023	22	4	1	34	5	100	-
8096	43.014	648	13	1	2	23	100	-
8097	2.002	893	4	1	7	3	100	-
8098	60.010	1	12	1	7	3	100	-
8099	43.014	648	19	1	2	23	100	-
8100	17.001	1	8	1	1	3	112	-
8101	32.001	40	11	100	7	4	100	-
8102	34.054	1	1	1	7	3	100	-
8103	34.055	40	100	100	7	3	100	-
8104	10.001	33	11	1	45	5	100	-
8105	19.001	49	100	100	7	4	100	-
8106	5.002	19	12	1	7	3	2	-
8107	60.001	1	46	1	7	3	2	-
8108	2.002	89	54	100	21	59	98	-
8109	60.001	1	46	1	7	3	100	-
8110	60.001	216	12	1	7	3	100	-
8111	60.001	1	49	13	7	3	100	-
8112	60.001	1	37	1	7	3	100	-
8113	34.007	40	55	100	7	4	100	-
8114	60.001	1	8	1	15	3	100	-
8115	60.001	22	31	1	34	93	100	-
8116	60.001	33	100	1	2	5	100	-
8117	34.056	36	8	1	7	4	100	-
8118	2.002	89	54	100	21	59	100	-
8119	2.002	10	3	100	1	10	100	-
8120	2.001	9	3	100	7	3	2	-
8121	34.001	407	100	100	7	3	100	-
8122	34.001	9	3	100	7	3	2	-
8123	2.001	40	1	1	7	2	100	-
8124	3.003	39	100	100	7	236	100	-
8125	14.040	39	100	100	100	100	112	-
8126	2.001	39	14	1	100	4	100	-
8127	2.001	105	1	100	7	3	100	-
8128	2.001	9	3	100	100	3	112	-
8129	284.001	1	12	13	7	3	100	-
8130	2.001	882	1	100	7	45	100	-
8131	5.002	39	16	1	7	3	100	-
8132	2.002	54	19	100	7	15	100	-
8133	237.001	1	11	1	7	3	100	-
8134	166.001	307	100	1	1	3	100	-
8135	93.001	25	3	100	100	100	113	-
8136	2.002	115	3	100	1	22	1	-
8137	2.001	9	3	100	7	3	41	-
8138	14.001	10	37	1	100	89	100	-
8139	1.001	54	3	100	100	7	100	-
8140	22.001	10	11	1	100	2	100	-
8141	19.001	18	100	1	1	26	100	-
8142	19.001	1	100	100	100	2	100	-
8143	2.001	711	100	100	7	20	100	-
8144	2.001	10	13	100	7	20	100	-
8145	2.001	712	100	100	7	20	100	-
8146	2.001	497	13	100	1	22	100	-
8147	14.001	171	100	100	1	15	100	-
8148	2.002	713	100	100	100	206	100	-
8149	2.002	714	100	100	1	4	100	-
8150	2.001	25	13	100	1	4	1	-
8151	2.001	10	13	100	1	22	1	-
8152	34.007	894	1	100	7	4	100	-
8153	2.001	512	3	100	7	3	100	-
8154	34.001	9	1	100	100	3	100	-
8155	166.001	896	1	100	7	244	100	-
8156	60.002	1	8	1	1	3	100	-
8157	19.001	10	14	100	1	20	100	-
8158	14.001	29	3	100	7	7	100	-
8159	14.001	512	1	100	7	3	100	-
8160	298.001	25	14	1	7	55	100	-
8161	5.002	381	3	100	7	3	100	-
8162	5.002	597	100	1	7	3	100	-
8163	2.002	272	13	100	1	59	100	-
8164	14.001	39	100	1	100	100	100	-
8165	2.002	274	13	100	1	59	100	-
8166	12.011	22	8	1	34	93	2	-
8167	10.001	16	11	1	7	6	100	-
8168	34.007	40	8	100	19	3	100	-
8169	18.001	22	4	1	7	3	100	-
8170	60.001	1	12	1	34	3	100	-
8171	18.001	1	13	100	7	3	100	-
8172	12.001	40	55	100	7	4	2	-
8173	13.001	25	12	1	7	3	100	-
8174	34.007	1	29	100	7	4	100	-
8175	13.002	40	8	1	21	3	100	-
8176	18.001	47	19	1	7	21	100	-
8177	18.001	22	13	1	34	213	100	-
8178	18.001	1	13	1	7	3	12	-
8179	12.001	22	8	1	7	93	100	-
8180	34.007	40	13	100	7	21	100	-
8181	103.001	1	8	1	1	25	100	-
8182	13.002	19	13	1	7	3	100	-
8183	34.007	192	26	1	23	3	100	-
8184	18.001	1	13	1	85	3	100	-
8185	34.007	22	8	1	34	93	100	-
8186	18.001	507	11	1	7	15	100	-
8187	60.001	5	8	1	34	213	100	-
8188	2.002	19	9	1	7	23	100	-
8189	60.001	1	8	13	34	3	100	-
8190	198.006	25	11	1	7	3	100	-
8191	34.007	69	11	1	7	3	100	-
8192	43.004	25	12	1	2	10	100	-
8193	22.001	895	4	1	1	3	100	-
8194	34.007	54	37	1	7	171	100	-
8195	2.002	1	8	1	1	23	100	-
8196	5.002	1	4	1	7	3	2	-
8197	21.001	19	11	1	21	3	100	-
8198	18.001	22	11	1	34	213	100	-
8199	60.001	19	4	1	1	241	100	-
8200	60.001	22	13	1	34	213	100	-
8201	60.001	22	21	1	34	213	100	-
8202	18.001	36	49	1	2	24	100	-
8203	34.007	40	14	100	38	55	100	-
8204	5.002	16	12	1	7	6	100	-
8205	34.007	33	100	100	7	3	100	-
8206	60.001	135	8	1	34	213	100	-
8207	294.001	1	11	13	7	3	100	-
8208	103.001	1	8	1	1	23	100	-
8209	10.008	1	11	1	7	5	100	-
8210	13.002	25	19	1	21	3	100	-
8211	103.001	1	37	1	1	3	100	-
8212	60.001	19	4	1	1	23	100	-
8213	34.007	1	11	100	7	4	100	-
8214	13.002	1	100	100	7	3	100	-
8215	60.001	22	8	1	34	213	2	-
8216	21.001	896	11	1	7	3	100	-
8217	22.001	19	54	1	1	3	100	-
8218	13.002	1	13	1	84	3	100	-
8219	18.001	192	8	1	1	23	100	-
8220	34.007	22	8	1	7	3	100	-
8221	5.014	1	4	1	7	47	100	-
8222	34.007	192	100	1	1	3	100	-
8223	21.001	19	3	1	7	3	100	-
8224	22.001	19	13	1	1	3	100	-
8225	60.001	1	12	1	34	242	100	-
8226	13.002	5	13	1	7	3	100	-
8227	18.001	33	46	1	7	15	100	-
8228	19.001	47	8	1	7	21	100	-
8229	13.002	25	4	1	7	244	100	-
8230	13.002	40	13	1	7	3	100	-
8231	43.004	1	8	1	1	22	1	-
8232	120.001	1	12	1	21	3	100	-
8233	60.001	40	4	1	7	3	100	-
8234	43.002	1	11	1	15	3	100	-
8235	18.001	192	11	1	1	3	100	-
8236	34.007	40	12	100	7	49	100	-
8237	60.001	22	4	1	34	213	100	-
8238	34.007	40	8	100	7	3	100	-
8239	43.002	1	13	1	34	3	100	-
8240	10.001	1	10	1	1	5	100	-
8241	10.001	22	8	1	2	160	100	-
8242	22.001	19	12	1	1	3	100	-
8243	60.001	1	13	13	7	3	100	-
8244	12.001	22	11	1	2	93	100	-
8245	13.001	16	11	1	7	8	100	-
8246	18.001	1	13	1	7	39	100	-
8247	18.001	22	8	1	34	213	100	-
8248	60.001	1	8	1	7	243	100	-
8249	60.001	19	4	1	1	80	100	-
8250	5.002	39	3	1	7	3	114	-
8251	34.007	1	100	100	7	26	100	-
8252	34.007	40	1	100	7	3	100	-
8253	365.001	69	13	100	7	20	100	-
8254	283.002	39	11	100	100	100	100	-
8255	34.060	512	3	100	7	3	100	-
8256	5.002	597	1	1	7	245	100	-
8257	34.007	40	8	100	21	3	100	-
8258	13.002	25	4	1	7	224	100	-
8259	34.058	284	12	1	7	3	100	-
8260	2.127	1	8	1	7	53	100	-
8261	34.059	40	12	100	7	49	100	-
8262	368.001	1	8	1	1	3	100	-
8263	297.002	1	9	1	34	3	100	-
8264	85.005	1	8	1	7	3	100	-
8265	64.002	1	4	1	7	3	100	-
8266	13.016	1	19	1	7	3	100	-
8267	284.001	1	11	13	7	3	100	-
8268	13.017	25	4	1	7	3	100	-
8269	10.024	1	12	1	7	3	100	-
8270	284.002	1	11	13	7	3	100	-
8271	223.003	1	9	1	7	3	100	-
8272	346.002	1	100	13	7	3	100	-
8273	198.009	1	8	1	1	3	100	-
8274	27.006	192	19	1	7	3	100	-
8275	34.057	507	100	1	7	15	100	-
8276	85.004	19	8	1	7	23	100	-
8277	60.001	174	19	100	7	26	100	-
8278	32.001	1	13	1	34	3	100	-
8279	242.004	1	11	1	7	47	100	-
8280	27.006	192	11	1	7	3	100	-
8281	91.003	22	12	1	7	3	100	-
8282	166.011	1	8	1	7	3	100	-
8283	91.003	22	8	1	7	3	100	-
8284	346.001	1	11	1	21	3	100	-
8285	34.061	40	8	100	7	4	100	-
8286	2.001	857	1	100	100	175	100	-
8287	34.007	10	3	100	100	3	100	-
8288	2.002	161	100	100	7	4	100	-
8289	34.007	10	13	100	7	4	100	-
8290	2.001	10	1	100	7	3	100	-
8291	19.001	209	100	1	7	49	100	-
8292	93.001	897	3	100	100	100	2	-
8293	2.001	1	100	100	7	47	100	-
8294	34.001	1	10	1	1	34	10	-
8295	19.001	512	10	1	7	3	100	-
8296	34.013	9	3	100	7	3	100	-
8297	5.002	589	3	1	7	3	100	-
8298	369.001	19	8	1	7	9	100	-
8299	10.025	22	8	1	34	93	100	-
8300	9.001	10	3	1	1	49	100	-
8301	11.001	16	100	1	1	45	100	-
8302	5.002	122	3	1	7	3	112	-
8303	2.002	40	1	100	7	4	112	-
8304	34.007	587	11	100	7	3	100	-
8305	10.001	1	8	1	1	5	2	-
8306	5.002	597	1	1	7	3	2	-
8307	2.125	93	100	1	1	89	100	-
8308	2.126	710	100	100	100	2	100	-
8309	370.001	222	1	1	7	3	100	-
8310	34.062	89	1	100	7	20	100	-
8311	2.128	1	1	1	100	2	100	-
8312	137.001	334	100	100	100	2	100	-
8313	9.001	122	1	1	7	3	100	-
8314	34.007	601	11	100	7	4	100	-
8315	2.001	447	3	100	100	100	100	-
8316	34.001	39	100	100	100	100	100	-
8317	14.001	89	4	100	100	100	100	-
8318	2.129	39	1	1	100	20	100	-
8319	5.033	222	1	1	7	3	104	-
8320	14.041	39	100	100	100	100	100	-
8321	34.063	305	100	100	7	4	100	-
8322	150.002	381	1	100	7	3	100	-
8323	253.002	122	3	1	7	3	100	-
8324	371.001	512	3	100	7	3	100	-
8325	372.001	62	100	100	100	2	100	-
8326	34.001	381	1	100	7	3	115	-
8327	34.007	305	100	100	7	143	116	-
8328	373.001	1	11	1	1	3	2	-
8329	374.001	5	11	1	1	3	100	-
8330	2.002	638	3	100	7	4	2	-
8331	2.075	10	13	100	1	102	100	-
8332	19.001	633	14	100	1	22	100	-
8333	9.013	69	19	1	1	22	100	-
8334	377.001	305	100	100	7	3	100	-
8335	375.001	222	1	1	7	3	100	-
8336	376.001	222	1	1	7	3	100	-
8337	34.064	1	10	100	7	3	100	-
8338	2.002	89	96	100	7	4	100	-
8339	14.001	512	3	100	7	246	100	-
8340	5.002	901	1	1	7	3	100	-
8341	12.001	898	3	1	7	150	100	-
8342	14.001	899	3	100	100	7	100	-
8343	14.001	902	3	100	21	188	100	-
8344	22.001	903	100	100	100	7	100	-
8345	34.038	904	1	100	100	4	100	-
8346	93.001	900	3	100	100	100	100	-
8347	2.001	105	1	100	100	1	100	-
8348	2.001	1	1	1	100	3	100	-
8349	2.001	9	3	1	100	3	100	-
8350	2.001	39	3	100	100	3	100	-
8351	2.001	512	1	100	7	7	100	-
8352	2.001	54	37	100	1	40	100	-
8353	2.001	587	11	100	100	100	100	-
8354	2.001	512	1	100	100	175	100	-
8355	2.002	10	12	100	7	3	100	-
8356	2.002	40	54	100	7	3	100	-
8357	2.002	307	14	1	7	4	100	-
8358	2.002	89	13	100	7	6	100	-
8359	2.002	512	1	100	7	20	100	-
8360	2.002	89	12	100	7	20	100	-
8361	2.002	89	3	100	7	100	100	-
8362	2.017	10	14	100	1	44	100	-
8363	3.001	10	14	100	7	62	100	-
8364	3.003	39	3	100	7	100	100	-
8365	3.003	54	14	100	7	100	100	-
8366	5.002	222	3	100	7	3	100	-
8367	5.002	222	3	1	100	3	100	-
8368	9.001	39	1	100	100	2	100	-
8369	12.007	39	1	1	100	20	100	-
8370	14.001	54	100	100	7	20	100	-
8371	14.001	10	12	100	2	3	100	-
8372	14.001	122	3	100	7	7	100	-
8373	14.001	89	1	100	7	20	100	-
8374	14.001	10	13	1	7	22	1	-
8375	14.001	39	100	100	14	100	100	-
8376	14.001	512	3	100	7	143	100	-
8377	15.001	62	14	100	100	2	100	-
8378	19.001	25	100	100	100	1	100	-
8379	19.001	124	3	100	7	20	100	-
8380	19.001	89	13	100	1	22	100	-
8381	34.001	113	11	1	1	3	100	-
8382	34.001	407	8	100	7	3	100	-
8383	34.001	1	1	1	1	39	100	-
8384	34.007	1	100	100	21	3	100	-
8385	34.007	54	14	100	7	4	100	-
8386	34.007	882	3	100	100	4	100	-
8387	34.007	305	100	1	7	100	100	-
8388	34.008	42	16	100	10	2	100	-
8389	44.001	40	100	1	1	10	2	-
8390	60.001	124	13	100	1	3	100	-
8391	63.001	1	3	100	100	3	100	-
8392	166.001	222	1	1	7	3	100	-
8393	166.001	69	8	100	7	4	100	-
8394	5.033	222	1	1	7	3	100	-
8395	31.001	9	1	100	100	3	100	-
8396	2.001	39	1	100	7	3	1	-
8397	34.007	40	63	100	7	4	100	-
8398	2.049	512	3	100	7	3	100	-
8399	14.001	54	100	100	7	2	100	-
8400	103.002	54	14	100	7	26	100	-
8401	39.001	5	100	100	100	7	100	-
8402	2.001	1	100	100	7	100	100	-
8403	2.001	1	1	100	7	100	100	-
8404	2.001	10	17	100	100	100	100	-
8405	2.002	42	100	100	10	7	100	-
8406	2.002	40	100	100	100	4	100	-
8407	2.011	54	14	100	100	2	100	-
8408	2.045	368	19	100	100	100	100	-
8409	5.002	40	100	1	7	177	100	-
8410	5.002	122	100	1	100	3	100	-
8411	5.002	161	1	100	100	2	100	-
8412	5.002	1	90	1	1	3	2	-
8413	5.002	284	1	1	7	3	2	-
8414	9.001	10	3	1	1	3	100	-
8415	14.001	130	100	100	100	2	12	-
8416	14.001	15	100	100	100	2	100	-
8417	15.001	5	10	100	100	2	100	-
8418	15.001	161	100	100	100	2	100	-
8419	19.001	420	1	100	100	100	100	-
8420	34.001	9	1	100	7	143	100	-
8421	34.007	144	1	100	7	4	100	-
8422	43.002	1	1	1	100	2	100	-
8423	43.008	122	1	1	7	6	100	-
8424	15.002	161	100	100	100	2	100	-
